word,pos,category_codes,category_names
abandon,v,VERB,通用商務動詞
abide,v,VERB,通用商務動詞
ability,n,GENN,一般名詞
able,a,GENADJ,一般形容詞
abnormal,a,GENADJ,一般形容詞
aboard,ad,TRAVEL,差旅與交通
abolish,v,VERB,通用商務動詞
aborigine,n,GENN,一般名詞
abort,v,VERB,通用商務動詞
abound,v,VERB,通用商務動詞
about,ad,GENADV,一般副詞
above,ad,GENADV,一般副詞
above-average,a,GENADJ,一般形容詞
abroad,ad,GENADV,一般副詞
abrupt,a,GENADJ,一般形容詞
abruptly,ad,GENADV,一般副詞
absence,n,GENN,一般名詞
absent,a,GENADJ,一般形容詞
absolute,a,GENADJ,一般形容詞
absolutely,ad,TIME,時間／頻率／程度副詞
absorb,v,VERB,通用商務動詞
abstract,a,GENADJ,一般形容詞
absurd,a,GENADJ,一般形容詞
abundance,n,GENN,一般名詞
abundant,n,GENN,一般名詞
abuse,n,GENN,一般名詞
abusive,n,GENN,一般名詞
academic,a,EDU,教育與學術
academy,n,EDU,教育與學術
accelerate,v,VERB,通用商務動詞
accent,n,GENN,一般名詞
accept,v,VERB,通用商務動詞
acceptable,a,GENADJ,一般形容詞
acceptance,n,GENN,一般名詞
access,n,GENN,一般名詞
accessibility,n,GENN,一般名詞
accessible,a,GENADJ,一般形容詞
accessory,n,GENN,一般名詞
accident,n,GENN,一般名詞
accident-prone,a,GENADJ,一般形容詞
accidental,a,GENADJ,一般形容詞
acclaim,v,VERB,通用商務動詞
acclimatize,v,VERB,通用商務動詞
accommodate,v,HOTEL,飯店與住宿
accommodation,n,HOTEL,飯店與住宿
accompany,v,VERB,通用商務動詞
accomplish,v,VERB,通用商務動詞
accomplishment,n,GENN,一般名詞
accord,v,VERB,通用商務動詞
according,a,GENADJ,一般形容詞
account,n,FIN,財務／會計
accountable,a,GENADJ,一般形容詞
accountant,n,TITLE|FIN,職稱與部門角色、財務／會計
accounting,n,FIN,財務／會計
accrue,v,FIN,財務／會計
accumulate,v,VERB,通用商務動詞
accumulation,n,GENN,一般名詞
accuracy,n,GENN,一般名詞
accurate,a,GENADJ,一般形容詞
accuse,v,VERB,通用商務動詞
accustom,v,VERB,通用商務動詞
ache,n,HEALTH,醫療與健康
achieve,v,VERB,通用商務動詞
achievement,n,GENN,一般名詞
acknowledge,v,VERB,通用商務動詞
acknowledgement,n,GENN,一般名詞
acquire,v,VERB,通用商務動詞
acquisition,n,GENN,一般名詞
acquisitive,a,GENADJ,一般形容詞
acre,n,GENN,一般名詞
across,prep,FUNC,連接詞／介系詞等功能詞
act,v,VERB,通用商務動詞
action,n,GENN,一般名詞
activate,v,VERB,通用商務動詞
active,a,GENADJ,一般形容詞
activity,n,GENN,一般名詞
actor,n,TITLE,職稱與部門角色
actress,n,TITLE,職稱與部門角色
actual,a,GENADJ,一般形容詞
actually,ad,GENADV,一般副詞
acute,a,GENADJ,一般形容詞
adapt,v,VERB,通用商務動詞
adapter,n,GENN,一般名詞
add,v,VERB,通用商務動詞
addict,v,VERB,通用商務動詞
addiction,n,GENN,一般名詞
addictive,a,GENADJ,一般形容詞
addition,n,GENN,一般名詞
additionally,ad,GENADV,一般副詞
address,n,MEET,會議與簡報
adept,n,GENN,一般名詞
adequate,a,GENADJ,一般形容詞
adhere,v,VERB,通用商務動詞
adjust,v,VERB,通用商務動詞
adjustment,n,GENN,一般名詞
administrate,v,TITLE,職稱與部門角色
administration,v,VERB,通用商務動詞
administrator,n,TITLE,職稱與部門角色
admirable,a,GENADJ,一般形容詞
admiration,n,GENN,一般名詞
admire,v,VERB,通用商務動詞
admit,v,VERB,通用商務動詞
admittance,n,GENN,一般名詞
adolescence,n,GENN,一般名詞
adolescent,a,GENADJ,一般形容詞
adopt,v,VERB,通用商務動詞
adoption,n,GENN,一般名詞
adorn,v,VERB,通用商務動詞
adult,n,GENN,一般名詞
advance,v,VERB,通用商務動詞
advanced,a,GENADJ,一般形容詞
advantage,n,GENN,一般名詞
adventure,n,GENN,一般名詞
adversary,n,GENN,一般名詞
adverse,a,GENADJ,一般形容詞
advertise,v,MKT,行銷與業務
advertisement,n,MKT|MEDIA,行銷與業務、媒體與傳播
advice,n,GENN,一般名詞
advisable,a,GENADJ,一般形容詞
advise,v,VERB,通用商務動詞
adviser,n,TITLE,職稱與部門角色
advocate,n,GENN,一般名詞
affair,n,GENN,一般名詞
affect,v,VERB,通用商務動詞
affection,n,GENN,一般名詞
afraid,a,EMOTION,情緒與個性形容詞
after,prep,FUNC,連接詞／介系詞等功能詞
after-tax,a,GENADJ,一般形容詞
afternoon,n,GENN,一般名詞
afterward,ad,GENADV,一般副詞
again,ad,GENADV,一般副詞
against,prep,FUNC,連接詞／介系詞等功能詞
age,n,GENN,一般名詞
agency,n,GENN,一般名詞
agenda,n,WORK|MEET,職場／辦公室日常、會議與簡報
agent,n,GENN,一般名詞
aggression,n,EMOTION,情緒與個性形容詞
aggressive,a,EMOTION,情緒與個性形容詞
agility,n,GENN,一般名詞
ago,ad,GENADV,一般副詞
agree,v,VERB,通用商務動詞
agreement,n,LEGAL,法律與合約
agricultural,a,GENADJ,一般形容詞
ahead,ad,GENADV,一般副詞
aid,v,VERB,通用商務動詞
aim,v,VERB,通用商務動詞
air-conditioner,n,GENN,一般名詞
aircraft,n,TRAVEL,差旅與交通
airline,n,TRAVEL,差旅與交通
airport,n,TRAVEL,差旅與交通
aisle,n,GENN,一般名詞
alarm,n,GENN,一般名詞
alert,v,VERB,通用商務動詞
align,v,VERB,通用商務動詞
alike,a,GENADJ,一般形容詞
allege,v,VERB,通用商務動詞
allegedly,ad,GENADV,一般副詞
allergy,n,HEALTH,醫療與健康
alley,n,GENN,一般名詞
alliance,n,GENN,一般名詞
allocate,v,VERB,通用商務動詞
allow,v,VERB,通用商務動詞
allowance,n,GENN,一般名詞
allure,v,VERB,通用商務動詞
almost,ad,TIME,時間／頻率／程度副詞
along,prep,FUNC,連接詞／介系詞等功能詞
already,ad,TIME,時間／頻率／程度副詞
alter,v,VERB,通用商務動詞
alternate,a,GENADJ,一般形容詞
alternative,a,GENADJ,一般形容詞
altogether,ad,GENADV,一般副詞
amateur,a,GENADJ,一般形容詞
amaze,v,VERB,通用商務動詞
ambiguous,a,GENADJ,一般形容詞
ambition,n,GENN,一般名詞
amend,v,LEGAL,法律與合約
amendment,n,LEGAL,法律與合約
amid,prep,FUNC,連接詞／介系詞等功能詞
among,prep,FUNC,連接詞／介系詞等功能詞
amount,n,GENN,一般名詞
amplify,v,VERB,通用商務動詞
amuse,v,VERB,通用商務動詞
analyze,v,VERB,通用商務動詞
angle,n,GENN,一般名詞
animate,v,VERB,通用商務動詞
anniversary,n,GENN,一般名詞
announce,v,MEDIA,媒體與傳播
announcement,n,MEDIA,媒體與傳播
annual,a,FIN|TIME,財務／會計、時間／頻率／程度副詞
annually,ad,FIN|TIME,財務／會計、時間／頻率／程度副詞
anonymous,a,GENADJ,一般形容詞
another,a,GENADJ,一般形容詞
answer,v,VERB,通用商務動詞
antibiotic,a,HEALTH,醫療與健康
anxiety,n,EMOTION,情緒與個性形容詞
anxious,a,EMOTION,情緒與個性形容詞
any,a,GENADJ,一般形容詞
apart,ad,GENADV,一般副詞
apologetic,a,CS,客戶服務
apology,n,CS,客戶服務
apparent,a,GENADJ,一般形容詞
apparently,ad,GENADV,一般副詞
appeal,v,VERB,通用商務動詞
appear,v,VERB,通用商務動詞
appearance,n,GENN,一般名詞
appetite,n,FOOD,餐飲
applaud,v,VERB,通用商務動詞
appliance,n,HOME,居家／房間／家具
applicant,n,HR,人資／招聘
apply,v,HR,人資／招聘
appoint,v,HR,人資／招聘
appraise,v,VERB,通用商務動詞
apprehend,v,VERB,通用商務動詞
apprentice,n,TITLE,職稱與部門角色
approach,v,VERB,通用商務動詞
appropriate,a,GENADJ,一般形容詞
approval,n,GENN,一般名詞
approve,v,VERB,通用商務動詞
approximate,a,GENADJ,一般形容詞
apt,a,GENADJ,一般形容詞
architect,n,TITLE,職稱與部門角色
architecture,n,GENN,一般名詞
archive,v,WORK,職場／辦公室日常
area,n,GENN,一般名詞
arena,n,GENN,一般名詞
argue,v,VERB,通用商務動詞
argument,n,GENN,一般名詞
arise,v,VERB,通用商務動詞
around,ad,GENADV,一般副詞
arouse,v,VERB,通用商務動詞
arrange,v,VERB,通用商務動詞
arrest,v,VERB,通用商務動詞
arrival,v,TRAVEL,差旅與交通
arrive,v,TRAVEL,差旅與交通
articulate,v,VERB,通用商務動詞
ascend,v,VERB,通用商務動詞
assemble,v,MFG,生產與製造
assert,v,VERB,通用商務動詞
assess,v,VERB,通用商務動詞
assign,v,VERB,通用商務動詞
assignment,n,GENN,一般名詞
assimilate,v,VERB,通用商務動詞
assist,v,CS,客戶服務
assistance,n,CS,客戶服務
associate,n,GENN,一般名詞
association,n,GENN,一般名詞
assume,v,VERB,通用商務動詞
assurance,n,GENN,一般名詞
assure,v,VERB,通用商務動詞
astonish,v,VERB,通用商務動詞
at,prep,FUNC,連接詞／介系詞等功能詞
atm,n,BANK,銀行與投資
attach,v,VERB,通用商務動詞
attachment,n,GENN,一般名詞
attain,v,VERB,通用商務動詞
attempt,n,GENN,一般名詞
attend,v,VERB,通用商務動詞
attendance,n,MEET,會議與簡報
attention,n,GENN,一般名詞
attest,v,VERB,通用商務動詞
attorney,n,TITLE|LEGAL,職稱與部門角色、法律與合約
attract,v,VERB,通用商務動詞
attribute,v,VERB,通用商務動詞
auction,n,GENN,一般名詞
audience,n,MKT,行銷與業務
audit,v,FIN,財務／會計
auditory,a,GENADJ,一般形容詞
author,n,TITLE,職稱與部門角色
automatic,a,MFG|TECH,生產與製造、科技與電腦
available,a,GENADJ,一般形容詞
avenue,n,GENN,一般名詞
average,n,GENN,一般名詞
avert,v,VERB,通用商務動詞
avoid,v,VERB,通用商務動詞
avoidance,n,GENN,一般名詞
await,v,VERB,通用商務動詞
awareness,n,GENN,一般名詞
bachelor,n,GENN,一般名詞
back,n,GENN,一般名詞
backache,n,HEALTH,醫療與健康
backbone,n,GENN,一般名詞
backbreaking,a,GENADJ,一般形容詞
background,n,GENN,一般名詞
backlash,n,GENN,一般名詞
backlog,n,GENN,一般名詞
backpack,n,GENN,一般名詞
backup,n,TECH,科技與電腦
backward,a,GENADJ,一般形容詞
backyard,n,HOME,居家／房間／家具
bacteria,n,GENN,一般名詞
bad,a,GENADJ,一般形容詞
bad-tempered,a,GENADJ,一般形容詞
badge,n,WORK,職場／辦公室日常
badly,ad,GENADV,一般副詞
bag,n,GENN,一般名詞
baggage,n,TRAVEL,差旅與交通
bail,v,VERB,通用商務動詞
bailout,n,GENN,一般名詞
bait,n,GENN,一般名詞
bake,v,FOOD,餐飲
baker,n,TITLE|FOOD,職稱與部門角色、餐飲
bakery,n,FOOD,餐飲
balance,n,FIN,財務／會計
balcony,n,HOME,居家／房間／家具
bald,a,GENADJ,一般形容詞
ballroom,n,GENN,一般名詞
ban,n,GENN,一般名詞
band,n,GENN,一般名詞
banish,v,VERB,通用商務動詞
bank,n,BANK,銀行與投資
bankbook,n,GENN,一般名詞
bankcard,n,FIN|BANK,財務／會計、銀行與投資
banker,n,TITLE|BANK,職稱與部門角色、銀行與投資
banking,n,BANK,銀行與投資
bankrupt,a,FIN,財務／會計
bankruptcy,n,FIN,財務／會計
banner,n,WORK,職場／辦公室日常
banquet,n,FOOD,餐飲
bar,n,GENN,一般名詞
barbecue,n,GENN,一般名詞
bare,a,GENADJ,一般形容詞
barely,ad,TIME,時間／頻率／程度副詞
bareness,n,GENN,一般名詞
bargain,n,MKT|SHOP,行銷與業務、購物與零售
barren,a,GENADJ,一般形容詞
barrier,n,GENN,一般名詞
bas,n,GENN,一般名詞
baseline,n,GENN,一般名詞
basement,n,HOME,居家／房間／家具
basic,n,GENN,一般名詞
basically,ad,GENADV,一般副詞
basis,n,GENN,一般名詞
basket,n,SHOP,購物與零售
bat,n,GENN,一般名詞
batch,n,MFG,生產與製造
bath,n,GENN,一般名詞
bathe,v,VERB,通用商務動詞
bathroom,n,HOME,居家／房間／家具
battery,n,GENN,一般名詞
battle,v,VERB,通用商務動詞
bay,n,GENN,一般名詞
be,v,VERB,通用商務動詞
beach,n,GENN,一般名詞
bearable,a,GENADJ,一般形容詞
bearer,n,GENN,一般名詞
bearing,n,GENN,一般名詞
beat,v,VERB,通用商務動詞
beaten,a,GENADJ,一般形容詞
beautiful,a,GENADJ,一般形容詞
beautify,v,VERB,通用商務動詞
beauty,n,GENN,一般名詞
because,conj,FUNC,連接詞／介系詞等功能詞
become,v,VERB,通用商務動詞
becoming,a,GENADJ,一般形容詞
bed,n,HOME,居家／房間／家具
bedside,n,GENN,一般名詞
bedtime,n,GENN,一般名詞
begin,v,VERB,通用商務動詞
beginner,n,GENN,一般名詞
beginning,n,GENN,一般名詞
behalf,n,GENN,一般名詞
behave,v,VERB,通用商務動詞
behavior,n,GENN,一般名詞
behavioral,a,GENADJ,一般形容詞
behind,ad,GENADV,一般副詞
beholder,n,GENN,一般名詞
beige,a,GENADJ,一般形容詞
being,n,GENN,一般名詞
belated,a,GENADJ,一般形容詞
belief,n,GENN,一般名詞
believe,v,VERB,通用商務動詞
believer,n,GENN,一般名詞
bell,n,GENN,一般名詞
belly,n,GENN,一般名詞
belong,v,VERB,通用商務動詞
belongings,n,GENN,一般名詞
beloved,a,GENADJ,一般形容詞
below,ad,GENADV,一般副詞
belt,n,GENN,一般名詞
bench,n,GENN,一般名詞
benchmark,n,GENN,一般名詞
bend,v,VERB,通用商務動詞
beneath,ad,GENADV,一般副詞
benefactor,n,GENN,一般名詞
benignl,a,GENADJ,一般形容詞
bent,a,GENADJ,一般形容詞
beside,prep,FUNC,連接詞／介系詞等功能詞
besides,ad,GENADV,一般副詞
bet,n,GENN,一般名詞
betray,v,VERB,通用商務動詞
betrayal,n,GENN,一般名詞
better,a,GENADJ,一般形容詞
between,ad,GENADV,一般副詞
beverage,n,FOOD,餐飲
beware,v,VERB,通用商務動詞
bias,n,GENN,一般名詞
bicycle,n,GENN,一般名詞
bid,v,ORDER,採購／訂單
bidder,n,ORDER,採購／訂單
bilingual,a,GENADJ,一般形容詞
bill,n,FIN,財務／會計
billboard,n,WORK,職場／辦公室日常
billion,n,GENN,一般名詞
bin,n,GENN,一般名詞
bind,v,VERB,通用商務動詞
binding,n,GENN,一般名詞
biological,a,GENADJ,一般形容詞
biology,n,GENN,一般名詞
birth,n,GENN,一般名詞
birthday,n,GENN,一般名詞
bit,n,GENN,一般名詞
bite,v,VERB,通用商務動詞
bitter,a,GENADJ,一般形容詞
bizarre,a,GENADJ,一般形容詞
blame,v,VERB,通用商務動詞
bland,a,GENADJ,一般形容詞
blank,a,GENADJ,一般形容詞
blanket,n,GENN,一般名詞
bleak,a,GENADJ,一般形容詞
bleed,v,VERB,通用商務動詞
blend,v,VERB,通用商務動詞
blender,n,GENN,一般名詞
blind,a,GENADJ,一般形容詞
block,n,GENN,一般名詞
blockage,n,GENN,一般名詞
blood,n,GENN,一般名詞
bloom,n,GENN,一般名詞
blossom,n,GENN,一般名詞
blow,v,VERB,通用商務動詞
blunder,v,VERB,通用商務動詞
blur,v,VERB,通用商務動詞
board,n,TRAVEL,差旅與交通
boardroom,n,WORK,職場／辦公室日常
boast,v,VERB,通用商務動詞
boat,n,GENN,一般名詞
body,n,GENN,一般名詞
boil,v,VERB,通用商務動詞
bold,a,EMOTION,情緒與個性形容詞
bomb,n,GENN,一般名詞
bombard,v,VERB,通用商務動詞
bond,n,BANK,銀行與投資
bone,n,GENN,一般名詞
bonus,n,HR,人資／招聘
book,n,GENN,一般名詞
booklet,n,GENN,一般名詞
bookshelf,n,HOME,居家／房間／家具
bookstore,n,GENN,一般名詞
boom,n,GENN,一般名詞
boost,v,VERB,通用商務動詞
boot,n,GENN,一般名詞
booth,n,GENN,一般名詞
border,n,GENN,一般名詞
borderline,n,GENN,一般名詞
boring,a,EMOTION,情緒與個性形容詞
borrow,v,VERB,通用商務動詞
boss,n,GENN,一般名詞
bother,v,VERB,通用商務動詞
bothersome,a,GENADJ,一般形容詞
bottle,n,GENN,一般名詞
bottom,n,GENN,一般名詞
boulevard,n,GENN,一般名詞
bounce,v,VERB,通用商務動詞
bound,v,VERB,通用商務動詞
boundary,n,GENN,一般名詞
bow,n,GENN,一般名詞
bowl,n,GENN,一般名詞
box,n,GENN,一般名詞
boycott,v,VERB,通用商務動詞
brace,n,GENN,一般名詞
bracket,n,GENN,一般名詞
brain,n,GENN,一般名詞
brainstorm,v,MEET,會議與簡報
brake,v,VERB,通用商務動詞
branch,n,GENN,一般名詞
brand,n,MKT,行銷與業務
brand-new,a,GENADJ,一般形容詞
brave,a,EMOTION,情緒與個性形容詞
bravely,ad,EMOTION,情緒與個性形容詞
bravo,n,GENN,一般名詞
breach,n,LEGAL,法律與合約
bread,n,GENN,一般名詞
breadth,n,GENN,一般名詞
break,v,VERB,通用商務動詞
breakable,a,GENADJ,一般形容詞
breakdown,n,GENN,一般名詞
breakfast,n,FOOD,餐飲
breakout,n,GENN,一般名詞
breakthrough,n,GENN,一般名詞
breakup,n,GENN,一般名詞
breathe,v,VERB,通用商務動詞
breathless,a,GENADJ,一般形容詞
breathtaking,a,GENADJ,一般形容詞
breeze,n,WEATHER,天氣與環境
brick,n,GENN,一般名詞
bride,n,GENN,一般名詞
bridge,n,GENN,一般名詞
brief,a,GENADJ,一般形容詞
briefcase,n,WORK,職場／辦公室日常
bright,a,GENADJ,一般形容詞
brighten,v,VERB,通用商務動詞
brilliant,a,EMOTION,情緒與個性形容詞
brisk,a,GENADJ,一般形容詞
brittle,a,GENADJ,一般形容詞
broadcast,v,MEDIA,媒體與傳播
brochure,n,GENN,一般名詞
broker,n,TITLE,職稱與部門角色
brokered,v,VERB,通用商務動詞
browse,v,WORK|SHOP,職場／辦公室日常、購物與零售
browser,n,WORK|TECH,職場／辦公室日常、科技與電腦
bruise,n,GENN,一般名詞
brush,v,VERB,通用商務動詞
brush-off,n,GENN,一般名詞
bruta,a,GENADJ,一般形容詞
brutally,ad,GENADV,一般副詞
bubble,n,GENN,一般名詞
bucket,n,GENN,一般名詞
buckle,n,GENN,一般名詞
budge,v,VERB,通用商務動詞
budget,n,FIN,財務／會計
build,v,VERB,通用商務動詞
building,n,GENN,一般名詞
bulk,n,ORDER,採購／訂單
business,n,GENN,一般名詞
businessman,n,GENN,一般名詞
busy,a,GENADJ,一般形容詞
button,n,WORK,職場／辦公室日常
buy,v,VERB,通用商務動詞
buyer,n,MKT,行銷與業務
cab,n,TRAVEL,差旅與交通
cabin,n,GENN,一般名詞
cabine,n,GENN,一般名詞
cable,n,GENN,一般名詞
cafeteria,n,FOOD,餐飲
caffeine,n,GENN,一般名詞
calcium,n,GENN,一般名詞
calculate,v,VERB,通用商務動詞
calculation,n,GENN,一般名詞
calculator,n,GENN,一般名詞
calendar,n,WORK,職場／辦公室日常
caliber,n,GENN,一般名詞
call,v,VERB,通用商務動詞
caller,n,GENN,一般名詞
calling,n,GENN,一般名詞
calm,a,EMOTION,情緒與個性形容詞
camera,n,GENN,一般名詞
camp,n,GENN,一般名詞
campaign,n,MKT,行銷與業務
campus,n,GENN,一般名詞
cancel,v,VERB,通用商務動詞
cancellation,n,GENN,一般名詞
candid,a,GENADJ,一般形容詞
candidate,n,HR,人資／招聘
capability,n,GENN,一般名詞
capable,a,GENADJ,一般形容詞
capacity,n,GENN,一般名詞
capital,n,FIN,財務／會計
capitalization,n,BANK,銀行與投資
capitalize,v,BANK,銀行與投資
capture,v,VERB,通用商務動詞
care,v,VERB,通用商務動詞
career,n,GENN,一般名詞
careful,a,EMOTION,情緒與個性形容詞
carefully,ad,EMOTION,情緒與個性形容詞
cargo,n,LOG,物流與運輸
carpet,n,HOME,居家／房間／家具
carrier,n,LOG,物流與運輸
carry,v,VERB,通用商務動詞
cart,n,SHOP,購物與零售
carton,n,GENN,一般名詞
case,n,GENN,一般名詞
cash,n,FIN,財務／會計
cast,v,VERB,通用商務動詞
catalog,n,ORDER|SHOP,採購／訂單、購物與零售
categorize,v,VERB,通用商務動詞
category,n,GENN,一般名詞
cater,v,FOOD,餐飲
catering,n,FOOD,餐飲
cause,n,GENN,一般名詞
caution,n,EMOTION,情緒與個性形容詞
cautious,a,EMOTION,情緒與個性形容詞
central,a,GENADJ,一般形容詞
century,n,GENN,一般名詞
ceremony,n,GENN,一般名詞
certain,a,GENADJ,一般形容詞
certainly,ad,GENADV,一般副詞
certify,v,EDU,教育與學術
chain,n,LOG,物流與運輸
challenge,v,VERB,通用商務動詞
change,v,VERB,通用商務動詞
changeable,a,GENADJ,一般形容詞
chapter,n,GENN,一般名詞
character,n,GENN,一般名詞
characteristic,a,GENADJ,一般形容詞
characterize,v,VERB,通用商務動詞
charge,v,VERB,通用商務動詞
chart,n,GENN,一般名詞
check,n,GENN,一般名詞
chef,n,TITLE|FOOD,職稱與部門角色、餐飲
cheque,n,GENN,一般名詞
choice,n,GENN,一般名詞
choose,v,VERB,通用商務動詞
chore,n,GENN,一般名詞
circle,n,GENN,一般名詞
circumspect,a,GENADJ,一般形容詞
circumstance,n,GENN,一般名詞
circumvent,v,VERB,通用商務動詞
citation,n,GENN,一般名詞
citizen,n,GOV,政府／公共事務
citizenship,n,GOV,政府／公共事務
city,n,GENN,一般名詞
civic,a,GOV,政府／公共事務
claim,v,BANK|CS,銀行與投資、客戶服務
clarify,v,VERB,通用商務動詞
clause,n,LEGAL,法律與合約
clear,a,GENADJ,一般形容詞
clearance,n,GENN,一般名詞
clearly,ad,GENADV,一般副詞
clerk,n,TITLE|SHOP,職稱與部門角色、購物與零售
client,n,MKT|CS,行銷與業務、客戶服務
climate,n,WEATHER,天氣與環境
climb,v,VERB,通用商務動詞
clip,v,WORK,職場／辦公室日常
clock,n,GENN,一般名詞
coach,n,TITLE|ARTS,職稱與部門角色、藝術娛樂／運動休閒
cognition,n,GENN,一般名詞
coherent,a,GENADJ,一般形容詞
cohesive,a,GENADJ,一般形容詞
coin,n,GENN,一般名詞
coincidence,n,GENN,一般名詞
collaborate,v,VERB,通用商務動詞
collaboration,v,VERB,通用商務動詞
collateral,a,BANK,銀行與投資
colleague,n,WORK,職場／辦公室日常
collect,v,VERB,通用商務動詞
collectible,a,GENADJ,一般形容詞
collection,n,GENN,一般名詞
college,n,EDU,教育與學術
collide,v,VERB,通用商務動詞
combination,n,GENN,一般名詞
combine,v,VERB,通用商務動詞
come,v,VERB,通用商務動詞
comfort,v,VERB,通用商務動詞
comfortable,a,GENADJ,一般形容詞
comforting,a,GENADJ,一般形容詞
command,v,VERB,通用商務動詞
comment,n,GENN,一般名詞
commentary,n,GENN,一般名詞
commerce,n,GENN,一般名詞
commercial,a,MKT|MEDIA,行銷與業務、媒體與傳播
commission,n,MKT,行銷與業務
commit,v,VERB,通用商務動詞
commitment,n,GENN,一般名詞
committed,a,GENADJ,一般形容詞
commodity,n,GENN,一般名詞
common,a,GENADJ,一般形容詞
communication,n,GENN,一般名詞
commute,v,TRAVEL,差旅與交通
commuter,n,TRAVEL,差旅與交通
company,n,GENN,一般名詞
comparatively,ad,GENADV,一般副詞
compare,v,VERB,通用商務動詞
comparison,n,GENN,一般名詞
compatible,a,GENADJ,一般形容詞
compel,v,VERB,通用商務動詞
compensate,v,VERB,通用商務動詞
compensation,n,GENN,一般名詞
compete,v,VERB,通用商務動詞
competent,a,GENADJ,一般形容詞
competition,n,MKT,行銷與業務
competitive,a,MKT,行銷與業務
competitor,n,MKT,行銷與業務
complain,v,CS,客戶服務
complaint,n,CS,客戶服務
complete,v,VERB,通用商務動詞
completion,n,GENN,一般名詞
complex,a,GENADJ,一般形容詞
compliant,a,GENADJ,一般形容詞
complicate,v,VERB,通用商務動詞
complicated,a,GENADJ,一般形容詞
compliment,n,GENN,一般名詞
comply,v,LEGAL,法律與合約
component,n,MFG,生產與製造
compose,v,VERB,通用商務動詞
composition,n,GENN,一般名詞
composure,n,GENN,一般名詞
comprehend,v,VERB,通用商務動詞
comprehensive,a,GENADJ,一般形容詞
comprise,v,VERB,通用商務動詞
compromise,v,VERB,通用商務動詞
compute,v,VERB,通用商務動詞
conceal,v,VERB,通用商務動詞
conceive,v,VERB,通用商務動詞
concentrate,v,VERB,通用商務動詞
concept,n,GENN,一般名詞
concern,v,VERB,通用商務動詞
concerning,prep,FUNC,連接詞／介系詞等功能詞
conclude,v,VERB,通用商務動詞
conclusion,n,GENN,一般名詞
concrete,a,GENADJ,一般形容詞
concur,v,VERB,通用商務動詞
condition,n,LEGAL,法律與合約
conduct,v,VERB,通用商務動詞
conference,n,MEET,會議與簡報
confuse,v,VERB,通用商務動詞
confusion,n,GENN,一般名詞
conscious,a,GENADJ,一般形容詞
consciously,ad,GENADV,一般副詞
consciousness,n,GENN,一般名詞
consecutive,a,TIME,時間／頻率／程度副詞
consequently,ad,GENADV,一般副詞
conservative,a,GENADJ,一般形容詞
conserve,v,VERB,通用商務動詞
consider,v,VERB,通用商務動詞
consideration,n,GENN,一般名詞
considering,prep,FUNC,連接詞／介系詞等功能詞
consist,v,VERB,通用商務動詞
consistency,n,GENN,一般名詞
consistent,a,GENADJ,一般形容詞
consistently,ad,GENADV,一般副詞
constant,a,TIME,時間／頻率／程度副詞
constrain,v,VERB,通用商務動詞
constraint,n,GENN,一般名詞
construction,n,GENN,一般名詞
consultancy,n,TITLE,職稱與部門角色
consultant,n,TITLE,職稱與部門角色
consume,v,VERB,通用商務動詞
consumer,n,MKT,行銷與業務
consumption,n,GENN,一般名詞
contact,n,GENN,一般名詞
contain,v,VERB,通用商務動詞
contemporary,a,GENADJ,一般形容詞
content,n,EMOTION,情緒與個性形容詞
contest,v,VERB,通用商務動詞
context,n,GENN,一般名詞
continue,v,VERB,通用商務動詞
continuity,n,GENN,一般名詞
continuous,a,TIME,時間／頻率／程度副詞
contract,n,ORDER|LEGAL,採購／訂單、法律與合約
contractor,n,TITLE,職稱與部門角色
contrary,a,GENADJ,一般形容詞
control,v,MFG,生產與製造
controlling,a,GENADJ,一般形容詞
convenience,n,GENN,一般名詞
convenient,a,GENADJ,一般形容詞
convention,n,GENN,一般名詞
conventional,a,GENADJ,一般形容詞
conversation,n,GENN,一般名詞
convey,v,VERB,通用商務動詞
conviction,n,GENN,一般名詞
convince,v,VERB,通用商務動詞
cooperation,n,GENN,一般名詞
coordinate,v,VERB,通用商務動詞
cope,v,VERB,通用商務動詞
copy,v,VERB,通用商務動詞
cordially,ad,GENADV,一般副詞
corner,n,GENN,一般名詞
corporate,a,GENADJ,一般形容詞
correct,a,GENADJ,一般形容詞
corrupt,a,GENADJ,一般形容詞
corruption,n,GENN,一般名詞
cost,v,FIN,財務／會計
council,n,TITLE|GOV,職稱與部門角色、政府／公共事務
counsel,n,TITLE,職稱與部門角色
counter,ad,GENADV,一般副詞
couple,n,GENN,一般名詞
coupon,n,MKT|SHOP,行銷與業務、購物與零售
courier,n,LOG,物流與運輸
course,n,EDU,教育與學術
court,n,LEGAL,法律與合約
courteously,ad,GENADV,一般副詞
courtesy,n,GENN,一般名詞
cover,v,VERB,通用商務動詞
coverage,n,GENN,一般名詞
crack,n,GENN,一般名詞
craft,n,MFG,生產與製造
crafted,a,MFG,生產與製造
crane,n,GENN,一般名詞
crash,v,VERB,通用商務動詞
create,v,VERB,通用商務動詞
creation,n,GENN,一般名詞
creative,a,GENADJ,一般形容詞
creativity,n,GENN,一般名詞
creature,n,GENN,一般名詞
credential,n,GENN,一般名詞
credible,a,GENADJ,一般形容詞
credit,n,BANK|FIN,銀行與投資、財務／會計
creditor,n,GENN,一般名詞
crew,n,GENN,一般名詞
crime,n,GENN,一般名詞
criminal,n,GENN,一般名詞
crisis,n,GENN,一般名詞
criterion,n,GENN,一般名詞
critic,n,GENN,一般名詞
critical,a,GENADJ,一般形容詞
criticize,v,VERB,通用商務動詞
crop,n,GENN,一般名詞
cross,v,VERB,通用商務動詞
crowd,n,GENN,一般名詞
crowded,a,GENADJ,一般形容詞
crucial,a,GENADJ,一般形容詞
cruise,v,TRAVEL,差旅與交通
cuisine,n,FOOD,餐飲
cupboard,n,HOME,居家／房間／家具
cure,n,HEALTH,醫療與健康
curious,a,EMOTION,情緒與個性形容詞
currency,n,BANK,銀行與投資
current,a,TIME,時間／頻率／程度副詞
cushion,n,GENN,一般名詞
custom,n,GENN,一般名詞
customer,n,MKT|CS|SHOP,行銷與業務、客戶服務、購物與零售
customize,v,VERB,通用商務動詞
customs,n,LOG,物流與運輸
cutback,n,GENN,一般名詞
cycle,n,GENN,一般名詞
daily,a,TIME,時間／頻率／程度副詞
damage,n,GENN,一般名詞
danger,n,GENN,一般名詞
dangerous,a,GENADJ,一般形容詞
daring,a,GENADJ,一般形容詞
data,n,TECH,科技與電腦
database,n,TECH,科技與電腦
date,n,GENN,一般名詞
dawn,n,GENN,一般名詞
day,n,GENN,一般名詞
daylight,n,GENN,一般名詞
daytime,n,GENN,一般名詞
dazzle,v,VERB,通用商務動詞
deadline,n,GENN,一般名詞
deal,v,MKT,行銷與業務
dealer,n,TITLE,職稱與部門角色
dealing,n,GENN,一般名詞
dean,n,TITLE,職稱與部門角色
dear,a,GENADJ,一般形容詞
debatable,a,GENADJ,一般形容詞
debate,v,MEET,會議與簡報
debit,v,BANK|FIN,銀行與投資、財務／會計
debt,n,GENN,一般名詞
debut,n,GENN,一般名詞
decade,n,GENN,一般名詞
decease,v,VERB,通用商務動詞
deceit,n,GENN,一般名詞
deceitful,a,GENADJ,一般形容詞
deceive,v,VERB,通用商務動詞
decelerate,v,VERB,通用商務動詞
deceleration,n,GENN,一般名詞
decent,a,GENADJ,一般形容詞
decide,v,VERB,通用商務動詞
decipher,v,VERB,通用商務動詞
decision,n,GENN,一般名詞
decisive,a,GENADJ,一般形容詞
deck,n,GENN,一般名詞
declaration,n,GENN,一般名詞
declare,v,VERB,通用商務動詞
decline,v,VERB,通用商務動詞
decode,v,VERB,通用商務動詞
decrease,v,VERB,通用商務動詞
dedicate,v,VERB,通用商務動詞
dedication,n,GENN,一般名詞
deduce,v,VERB,通用商務動詞
deduct,v,FIN,財務／會計
deduction,n,FIN,財務／會計
deem,v,VERB,通用商務動詞
deep,a,GENADJ,一般形容詞
deepen,v,VERB,通用商務動詞
default,n,GENN,一般名詞
defeat,v,VERB,通用商務動詞
defect,n,MFG,生產與製造
defend,v,VERB,通用商務動詞
defense,n,GENN,一般名詞
defensive,a,GENADJ,一般形容詞
defy,v,VERB,通用商務動詞
degree,n,EDU,教育與學術
delay,v,VERB,通用商務動詞
delegate,v,VERB,通用商務動詞
deliberate,a,GENADJ,一般形容詞
deliberately,ad,GENADV,一般副詞
delicacy,n,GENN,一般名詞
delicate,a,GENADJ,一般形容詞
delicious,a,GENADJ,一般形容詞
delight,n,GENN,一般名詞
deliver,v,LOG,物流與運輸
delivery,n,LOG,物流與運輸
delusion,n,GENN,一般名詞
demand,v,MKT,行銷與業務
demise,n,GENN,一般名詞
demographics,n,GENN,一般名詞
demolish,v,VERB,通用商務動詞
demonstrate,v,VERB,通用商務動詞
demonstration,n,GENN,一般名詞
denial,n,GENN,一般名詞
dense,a,GENADJ,一般形容詞
density,n,GENN,一般名詞
deny,v,VERB,通用商務動詞
depart,v,TRAVEL,差旅與交通
department,n,WORK,職場／辦公室日常
departmental,a,WORK,職場／辦公室日常
departure,n,TRAVEL,差旅與交通
depend,v,VERB,通用商務動詞
dependency,n,GENN,一般名詞
dependent,a,GENADJ,一般形容詞
depict,v,VERB,通用商務動詞
deposit,v,BANK,銀行與投資
depression,n,GENN,一般名詞
describe,v,VERB,通用商務動詞
description,n,GENN,一般名詞
deserve,v,VERB,通用商務動詞
design,v,VERB,通用商務動詞
despite,prep,FUNC,連接詞／介系詞等功能詞
destination,n,GENN,一般名詞
destroy,v,VERB,通用商務動詞
destruction,v,VERB,通用商務動詞
detail,n,GENN,一般名詞
detailed,a,GENADJ,一般形容詞
detect,v,VERB,通用商務動詞
determine,v,VERB,通用商務動詞
develop,v,VERB,通用商務動詞
developer,n,GENN,一般名詞
development,n,GENN,一般名詞
device,n,TECH,科技與電腦
devise,n,GENN,一般名詞
dial,v,WORK,職場／辦公室日常
diary,n,WORK,職場／辦公室日常
dictate,v,VERB,通用商務動詞
diet,n,FOOD,餐飲
dietician,n,TITLE|FOOD|HEALTH,職稱與部門角色、餐飲、醫療與健康
difference,n,GENN,一般名詞
different,a,GENADJ,一般形容詞
digital,a,TECH,科技與電腦
dignity,n,GENN,一般名詞
diligent,a,EMOTION,情緒與個性形容詞
direct,v,VERB,通用商務動詞
directly,ad,GENADV,一般副詞
director,n,TITLE,職稱與部門角色
directory,n,GENN,一般名詞
disagree,v,VERB,通用商務動詞
disappear,v,VERB,通用商務動詞
discard,v,VERB,通用商務動詞
discern,v,VERB,通用商務動詞
discipline,n,GENN,一般名詞
disclaimer,v,LEGAL,法律與合約
discount,n,MKT|SHOP,行銷與業務、購物與零售
discourage,v,VERB,通用商務動詞
discouraged,a,GENADJ,一般形容詞
discouragement,n,GENN,一般名詞
discover,v,VERB,通用商務動詞
discuss,v,VERB,通用商務動詞
discussion,n,MEET,會議與簡報
disease,n,HEALTH,醫療與健康
disembark,v,VERB,通用商務動詞
dismal,a,GENADJ,一般形容詞
dismiss,v,HR,人資／招聘
dispense,v,VERB,通用商務動詞
display,v,VERB,通用商務動詞
disposal,n,GENN,一般名詞
dispose,n,GENN,一般名詞
dispute,v,VERB,通用商務動詞
disrupt,v,VERB,通用商務動詞
dissipate,v,VERB,通用商務動詞
distinctive,a,GENADJ,一般形容詞
distinguish,v,VERB,通用商務動詞
distract,v,VERB,通用商務動詞
distributor,n,TITLE|LOG,職稱與部門角色、物流與運輸
disturb,v,VERB,通用商務動詞
diverse,a,GENADJ,一般形容詞
diversity,n,GENN,一般名詞
divert,v,VERB,通用商務動詞
divide,v,VERB,通用商務動詞
division,n,GENN,一般名詞
doctor,n,HEALTH,醫療與健康
document,n,GENN,一般名詞
documentation,n,WORK,職場／辦公室日常
domestic,a,GENADJ,一般形容詞
dominate,v,VERB,通用商務動詞
donate,v,VERB,通用商務動詞
donation,n,GENN,一般名詞
dot,n,GENN,一般名詞
dotted,a,GENADJ,一般形容詞
doubt,v,VERB,通用商務動詞
download,v,TECH,科技與電腦
downsize,v,VERB,通用商務動詞
downsizing,n,GENN,一般名詞
downtown,n,GENN,一般名詞
downward,a,GENADJ,一般形容詞
draft,n,GENN,一般名詞
drama,n,ARTS,藝術娛樂／運動休閒
drastic,a,GENADJ,一般形容詞
drastically,ad,GENADV,一般副詞
draw,v,VERB,通用商務動詞
drawer,n,HOME,居家／房間／家具
drift,v,VERB,通用商務動詞
drive,v,VERB,通用商務動詞
drug,n,GENN,一般名詞
due,a,GENADJ,一般形容詞
duplicate,n,GENN,一般名詞
durable,a,GENADJ,一般形容詞
duration,n,GENN,一般名詞
during,prep,FUNC,連接詞／介系詞等功能詞
duty,n,GENN,一般名詞
dynamic,a,GENADJ,一般形容詞
each,pron,FUNC,連接詞／介系詞等功能詞
eager,a,GENADJ,一般形容詞
earn,v,VERB,通用商務動詞
earnings,n,GENN,一般名詞
ease,v,VERB,通用商務動詞
east,n,GENN,一般名詞
easy,a,GENADJ,一般形容詞
eco-friendly,a,WEATHER,天氣與環境
economical,a,GENADJ,一般形容詞
economize,v,VERB,通用商務動詞
economy,n,GENN,一般名詞
edge,n,GENN,一般名詞
edit,v,VERB,通用商務動詞
editor,n,TITLE|MEDIA,職稱與部門角色、媒體與傳播
editorial,n,MEDIA,媒體與傳播
education,n,EDU,教育與學術
effect,v,VERB,通用商務動詞
effective,a,GENADJ,一般形容詞
effort,n,GENN,一般名詞
either,a,GENADJ,一般形容詞
eject,v,VERB,通用商務動詞
elaborate,v,VERB,通用商務動詞
elder,a,GENADJ,一般形容詞
elect,v,GOV,政府／公共事務
election,n,GOV,政府／公共事務
electric,a,GENADJ,一般形容詞
electrician,n,TITLE,職稱與部門角色
electricity,n,TECH|HOME,科技與電腦、居家／房間／家具
electronic,a,GENADJ,一般形容詞
elegance,n,GENN,一般名詞
elegant,a,GENADJ,一般形容詞
element,n,GENN,一般名詞
elemental,a,GENADJ,一般形容詞
elementary,a,GENADJ,一般形容詞
elevate,v,VERB,通用商務動詞
elevation,n,GENN,一般名詞
elevator,n,GENN,一般名詞
eligible,a,GENADJ,一般形容詞
eliminate,v,VERB,通用商務動詞
elimination,n,GENN,一般名詞
elite,n,GENN,一般名詞
else,ad,GENADV,一般副詞
elsewhere,ad,GENADV,一般副詞
embark,v,VERB,通用商務動詞
embrace,v,VERB,通用商務動詞
emerge,v,VERB,通用商務動詞
emergency,n,GENN,一般名詞
emit,v,VERB,通用商務動詞
emotion,n,GENN,一般名詞
empathy,n,GENN,一般名詞
emphasis,v,VERB,通用商務動詞
emphasize,v,VERB,通用商務動詞
employ,v,VERB,通用商務動詞
employee,n,TITLE|HR,職稱與部門角色、人資／招聘
employer,n,TITLE|HR,職稱與部門角色、人資／招聘
employment,n,HR,人資／招聘
emulate,v,VERB,通用商務動詞
enable,v,VERB,通用商務動詞
enclose,v,VERB,通用商務動詞
enclosure,n,GENN,一般名詞
encounter,n,GENN,一般名詞
encourage,v,VERB,通用商務動詞
encouragement,n,GENN,一般名詞
endanger,v,VERB,通用商務動詞
endeavor,v,VERB,通用商務動詞
endorsement,n,MKT,行銷與業務
endure,v,VERB,通用商務動詞
energetic,a,GENADJ,一般形容詞
energy,n,GENN,一般名詞
enforce,v,VERB,通用商務動詞
engage,v,VERB,通用商務動詞
engagement,n,GENN,一般名詞
engine,n,GENN,一般名詞
engineer,n,TITLE,職稱與部門角色
enhance,v,VERB,通用商務動詞
enlarge,v,VERB,通用商務動詞
enlargement,n,GENN,一般名詞
enlist,v,VERB,通用商務動詞
enrich,v,VERB,通用商務動詞
enrichment,n,GENN,一般名詞
enroll,v,VERB,通用商務動詞
ensure,v,VERB,通用商務動詞
enterprise,n,GENN,一般名詞
entertain,v,ARTS,藝術娛樂／運動休閒
entertainer,n,TITLE,職稱與部門角色
entertainment,n,ARTS,藝術娛樂／運動休閒
enthusiasm,n,EMOTION,情緒與個性形容詞
enthusiastic,a,EMOTION,情緒與個性形容詞
entire,a,GENADJ,一般形容詞
entirel,ad,GENADV,一般副詞
entitle,v,VERB,通用商務動詞
entitled,a,GENADJ,一般形容詞
entrance,n,GENN,一般名詞
entrust,v,VERB,通用商務動詞
entry,n,GENN,一般名詞
environment,n,WEATHER,天氣與環境
environmental,n,WEATHER,天氣與環境
envision,v,VERB,通用商務動詞
equal,v,VERB,通用商務動詞
equality,n,GENN,一般名詞
equip,v,VERB,通用商務動詞
equipment,n,MFG,生產與製造
equity,n,BANK,銀行與投資
equivalent,a,GENADJ,一般形容詞
error,n,GENN,一般名詞
escort,v,VERB,通用商務動詞
especially,ad,TIME,時間／頻率／程度副詞
essay,n,EDU,教育與學術
essence,n,GENN,一般名詞
essential,a,GENADJ,一般形容詞
establish,v,VERB,通用商務動詞
establishment,n,GENN,一般名詞
estate,n,GENN,一般名詞
esteem,n,GENN,一般名詞
estimate,v,VERB,通用商務動詞
eternal,a,GENADJ,一般形容詞
ethic,n,GENN,一般名詞
ethical,a,GENADJ,一般形容詞
ethics,n,GENN,一般名詞
evade,v,VERB,通用商務動詞
evaluate,v,VERB,通用商務動詞
evaluation,n,HR,人資／招聘
evasive,a,GENADJ,一般形容詞
even,a,GENADJ,一般形容詞
event,n,GENN,一般名詞
eventual,a,TIME,時間／頻率／程度副詞
evidence,n,GENN,一般名詞
evident,a,GENADJ,一般形容詞
evoke,v,VERB,通用商務動詞
evolve,v,VERB,通用商務動詞
exact,a,GENADJ,一般形容詞
exaggerate,v,VERB,通用商務動詞
exaggeration,n,GENN,一般名詞
exam,n,EDU,教育與學術
examination,n,EDU,教育與學術
examine,v,EDU,教育與學術
examiner,n,TITLE,職稱與部門角色
example,n,GENN,一般名詞
exceed,v,VERB,通用商務動詞
excel,v,VERB,通用商務動詞
excellent,a,GENADJ,一般形容詞
except,prep,FUNC,連接詞／介系詞等功能詞
exception,n,GENN,一般名詞
excess,n,GENN,一般名詞
exchange,v,BANK|CS|SHOP,銀行與投資、客戶服務、購物與零售
excite,v,EMOTION,情緒與個性形容詞
exclude,v,VERB,通用商務動詞
exclusion,n,GENN,一般名詞
exclusive,a,GENADJ,一般形容詞
exclusively,ad,GENADV,一般副詞
execute,v,VERB,通用商務動詞
executive,a,TITLE,職稱與部門角色
exert,v,VERB,通用商務動詞
exhibit,v,ARTS,藝術娛樂／運動休閒
exhibition,n,ARTS,藝術娛樂／運動休閒
exist,v,VERB,通用商務動詞
existence,n,GENN,一般名詞
exit,v,VERB,通用商務動詞
expand,v,VERB,通用商務動詞
expansion,n,GENN,一般名詞
expect,v,VERB,通用商務動詞
expectation,n,GENN,一般名詞
expedite,v,VERB,通用商務動詞
expel,v,VERB,通用商務動詞
expenditure,n,FIN,財務／會計
expense,n,FIN,財務／會計
expensive,a,GENADJ,一般形容詞
experience,n,GENN,一般名詞
experiment,n,GENN,一般名詞
expert,n,GENN,一般名詞
expertise,n,GENN,一般名詞
expiration,n,GENN,一般名詞
expire,v,VERB,通用商務動詞
explain,v,VERB,通用商務動詞
explanation,n,GENN,一般名詞
explode,v,VERB,通用商務動詞
explore,v,VERB,通用商務動詞
explorer,n,GENN,一般名詞
explosion,n,GENN,一般名詞
export,v,LOG,物流與運輸
expose,v,VERB,通用商務動詞
exposure,n,GENN,一般名詞
express,v,VERB,通用商務動詞
expression,n,GENN,一般名詞
extend,v,VERB,通用商務動詞
extension,n,GENN,一般名詞
extensive,a,GENADJ,一般形容詞
extent,n,GENN,一般名詞
extra,a,GENADJ,一般形容詞
extract,n,GENN,一般名詞
extraordinary,a,GENADJ,一般形容詞
fabric,n,GENN,一般名詞
fabricate,v,VERB,通用商務動詞
face,n,GENN,一般名詞
facial,a,GENADJ,一般形容詞
facilitate,v,VERB,通用商務動詞
facilitator,n,TITLE,職稱與部門角色
facility,n,GENN,一般名詞
facto,n,GENN,一般名詞
factory,n,MFG,生產與製造
fail,v,VERB,通用商務動詞
failure,n,GENN,一般名詞
fair,a,GENADJ,一般形容詞
fairly,ad,TIME,時間／頻率／程度副詞
faith,n,EMOTION,情緒與個性形容詞
faithful,a,EMOTION,情緒與個性形容詞
falter,v,VERB,通用商務動詞
familiar,a,GENADJ,一般形容詞
familiarity,n,GENN,一般名詞
familiarize,v,VERB,通用商務動詞
fare,n,TRAVEL,差旅與交通
farewell,n,GENN,一般名詞
farm,n,GENN,一般名詞
fascinate,v,VERB,通用商務動詞
fascination,n,GENN,一般名詞
fashion,n,SHOP,購物與零售
fashionable,a,SHOP,購物與零售
fast,a,GENADJ,一般形容詞
fasten,v,VERB,通用商務動詞
fatal,a,HEALTH,醫療與健康
fate,n,GENN,一般名詞
father-in-law,n,GENN,一般名詞
fatigue,n,HEALTH,醫療與健康
fault,n,GENN,一般名詞
faulty,a,GENADJ,一般形容詞
favor,n,GENN,一般名詞
favorable,a,GENADJ,一般形容詞
favorite,a,GENADJ,一般形容詞
fax,n,WORK,職場／辦公室日常
fear,n,EMOTION,情緒與個性形容詞
feasibility,n,GENN,一般名詞
feasible,a,GENADJ,一般形容詞
feast,n,GENN,一般名詞
feat,n,GENN,一般名詞
feature,n,GENN,一般名詞
federal,a,GOV,政府／公共事務
fee,n,GENN,一般名詞
feed,n,GENN,一般名詞
feedback,n,CS,客戶服務
fellow,a,GENADJ,一般形容詞
fellowship,n,GENN,一般名詞
female,n,GENN,一般名詞
feminine,a,GENADJ,一般形容詞
ferry,v,TRAVEL,差旅與交通
fertility,n,GENN,一般名詞
fertilize,v,VERB,通用商務動詞
fertilizer,n,GENN,一般名詞
festival,n,ARTS,藝術娛樂／運動休閒
fetch,v,VERB,通用商務動詞
fever,n,HEALTH,醫療與健康
focus,n,GENN,一般名詞
fold,v,VERB,通用商務動詞
folder,n,WORK|TECH,職場／辦公室日常、科技與電腦
forecast,n,GENN,一般名詞
foreign,a,GENADJ,一般形容詞
foremost,a,GENADJ,一般形容詞
foresee,v,VERB,通用商務動詞
form,n,GENN,一般名詞
formal,a,GENADJ,一般形容詞
format,n,GENN,一般名詞
formatted,a,GENADJ,一般形容詞
formula,n,GENN,一般名詞
formulate,v,VERB,通用商務動詞
fortunate,a,GENADJ,一般形容詞
fortunately,ad,GENADV,一般副詞
fortune,n,GENN,一般名詞
forum,n,MEET,會議與簡報
forward,ad,GENADV,一般副詞
foundation,n,GENN,一般名詞
founder,n,TITLE,職稱與部門角色
fraction,n,GENN,一般名詞
frame,n,GENN,一般名詞
framework,n,GENN,一般名詞
franchise,n,GENN,一般名詞
franchisor,n,GENN,一般名詞
frank,a,GENADJ,一般形容詞
frankly,ad,GENADV,一般副詞
fraud,n,LEGAL,法律與合約
fraudulent,a,LEGAL,法律與合約
free,a,GENADJ,一般形容詞
freedom,n,GENN,一般名詞
freight,n,LOG,物流與運輸
frequency,n,TIME,時間／頻率／程度副詞
frequent,a,TIME,時間／頻率／程度副詞
frequently,ad,TIME,時間／頻率／程度副詞
frighten,v,EMOTION,情緒與個性形容詞
fuel,n,GENN,一般名詞
fueled,a,GENADJ,一般形容詞
function,n,GENN,一般名詞
functioning,a,GENADJ,一般形容詞
fund,n,FIN,財務／會計
fundamental,a,GENADJ,一般形容詞
funding,n,FIN,財務／會計
fundraiser,n,GENN,一般名詞
furniture,n,HOME,居家／房間／家具
further,a,GENADJ,一般形容詞
gamble,n,GENN,一般名詞
gap,v,VERB,通用商務動詞
garbage,n,GENN,一般名詞
garment,n,GENN,一般名詞
gas,n,GENN,一般名詞
gasoline,n,GENN,一般名詞
gate,n,TRAVEL,差旅與交通
gatekeeper,n,GENN,一般名詞
gather,v,VERB,通用商務動詞
gathering,n,GENN,一般名詞
gear,n,GENN,一般名詞
gender,n,GENN,一般名詞
general,a,GENADJ,一般形容詞
generally,ad,GENADV,一般副詞
generate,v,VERB,通用商務動詞
generation,n,GENN,一般名詞
generosity,n,EMOTION,情緒與個性形容詞
generous,a,EMOTION,情緒與個性形容詞
genius,n,GENN,一般名詞
gentle,a,EMOTION,情緒與個性形容詞
gentleman,n,EMOTION,情緒與個性形容詞
genuine,a,GENADJ,一般形容詞
geographic,a,GENADJ,一般形容詞
geography,n,GENN,一般名詞
germ,n,GENN,一般名詞
gesture,n,GENN,一般名詞
getaway,v,VERB,通用商務動詞
giant,n,GENN,一般名詞
gift,n,SHOP,購物與零售
gift-wrap,v,VERB,通用商務動詞
gifted,a,GENADJ,一般形容詞
glamor,n,GENN,一般名詞
glance,v,VERB,通用商務動詞
glitch,n,TECH,科技與電腦
global,a,WEATHER,天氣與環境
globe,n,GENN,一般名詞
gloom,n,GENN,一般名詞
glorify,v,VERB,通用商務動詞
glory,n,GENN,一般名詞
glossary,n,GENN,一般名詞
glove,n,GENN,一般名詞
glow,v,VERB,通用商務動詞
goodwill,n,GENN,一般名詞
gorgeous,a,GENADJ,一般形容詞
gossip,n,GENN,一般名詞
govern,v,GOV,政府／公共事務
government,n,GOV,政府／公共事務
grab,v,VERB,通用商務動詞
grace,n,GENN,一般名詞
graceful,a,GENADJ,一般形容詞
grade,n,GENN,一般名詞
gradual,a,TIME,時間／頻率／程度副詞
gradually,ad,TIME,時間／頻率／程度副詞
graduate,v,EDU,教育與學術
grand,a,GENADJ,一般形容詞
grant,v,VERB,通用商務動詞
graph,n,GENN,一般名詞
grasp,v,VERB,通用商務動詞
grateful,a,EMOTION,情緒與個性形容詞
gratitude,n,EMOTION,情緒與個性形容詞
gratuity,n,GENN,一般名詞
gravity,n,GENN,一般名詞
greed,n,EMOTION,情緒與個性形容詞
greenhouse,n,WEATHER,天氣與環境
grin,v,VERB,通用商務動詞
grip,n,GENN,一般名詞
grocer,n,TITLE|FOOD,職稱與部門角色、餐飲
grocery,n,FOOD,餐飲
groom,n,GENN,一般名詞
gross,a,GENADJ,一般形容詞
ground,n,GENN,一般名詞
groundbreaking,a,GENADJ,一般形容詞
grow,v,VERB,通用商務動詞
growth,n,GENN,一般名詞
guarantee,n,CS,客戶服務
guard,n,GENN,一般名詞
guardian,n,GENN,一般名詞
guess,v,VERB,通用商務動詞
guest,n,HOTEL,飯店與住宿
guidance,n,GENN,一般名詞
guide,n,GENN,一般名詞
guidebook,n,GENN,一般名詞
guideline,n,GENN,一般名詞
guilt,n,EMOTION,情緒與個性形容詞
guilty,n,EMOTION,情緒與個性形容詞
gym,n,HEALTH|ARTS,醫療與健康、藝術娛樂／運動休閒
gymnasium,n,HEALTH,醫療與健康
habit,n,GENN,一般名詞
habitat,n,GENN,一般名詞
habitual,a,GENADJ,一般形容詞
hack,v,VERB,通用商務動詞
haircut,n,GENN,一般名詞
hairdresser,n,GENN,一般名詞
half,n,GENN,一般名詞
halfway,a,GENADJ,一般形容詞
hall,n,GENN,一般名詞
hallmark,n,GENN,一般名詞
hallway,n,GENN,一般名詞
halt,n,GENN,一般名詞
handbag,n,GENN,一般名詞
handbook,n,GENN,一般名詞
handful,n,GENN,一般名詞
handicap,n,GENN,一般名詞
handle,v,VERB,通用商務動詞
handling,n,GENN,一般名詞
handout,n,MEET,會議與簡報
handshake,n,GENN,一般名詞
harbor,n,GENN,一般名詞
hardly,ad,TIME,時間／頻率／程度副詞
hardware,n,TECH,科技與電腦
harm,n,GENN,一般名詞
harmful,a,GENADJ,一般形容詞
harmony,n,GENN,一般名詞
harvest,n,GENN,一般名詞
hasty,a,GENADJ,一般形容詞
hazard,n,GENN,一般名詞
hazardous,a,GENADJ,一般形容詞
headline,n,MEDIA,媒體與傳播
headquarter,n,WORK,職場／辦公室日常
heal,v,HEALTH,醫療與健康
health,v,HEALTH,醫療與健康
healthy,a,HEALTH,醫療與健康
hear,v,VERB,通用商務動詞
heat,n,GENN,一般名詞
heater,n,GENN,一般名詞
heel,n,GENN,一般名詞
height,n,GENN,一般名詞
helmet,n,GENN,一般名詞
help,n,GENN,一般名詞
helpful,a,GENADJ,一般形容詞
hemisphere,n,GENN,一般名詞
hence,ad,GENADV,一般副詞
herd,n,GENN,一般名詞
heritage,n,GENN,一般名詞
hesitate,v,VERB,通用商務動詞
hesitation,n,GENN,一般名詞
hidden,a,GENADJ,一般形容詞
hide,v,VERB,通用商務動詞
high,a,GENADJ,一般形容詞
highway,n,TRAVEL,差旅與交通
hike,v,VERB,通用商務動詞
hilarious,a,GENADJ,一般形容詞
hinder,v,VERB,通用商務動詞
hint,n,GENN,一般名詞
hire,v,HR,人資／招聘
hobby,n,ARTS,藝術娛樂／運動休閒
hold,v,VERB,通用商務動詞
hole,n,GENN,一般名詞
holiday,n,ARTS,藝術娛樂／運動休閒
home,n,HOME,居家／房間／家具
homesick,n,GENN,一般名詞
hometown,n,GENN,一般名詞
honest,a,EMOTION,情緒與個性形容詞
honesty,n,EMOTION,情緒與個性形容詞
honor,n,GENN,一般名詞
honorary,a,GENADJ,一般形容詞
hopeful,a,GENADJ,一般形容詞
hopeless,a,GENADJ,一般形容詞
horizon,n,GENN,一般名詞
horizontal,a,GENADJ,一般形容詞
horrible,a,GENADJ,一般形容詞
horrify,v,VERB,通用商務動詞
hospital,n,HEALTH,醫療與健康
hospitality,n,GENN,一般名詞
host,n,GENN,一般名詞
hostile,a,EMOTION,情緒與個性形容詞
hotel,n,HOTEL,飯店與住宿
hour,n,GENN,一般名詞
hourly,a,TIME,時間／頻率／程度副詞
house,n,HOME,居家／房間／家具
household,n,HOME,居家／房間／家具
housekeeper,n,TITLE|HOTEL,職稱與部門角色、飯店與住宿
housing,n,HOME,居家／房間／家具
hub,n,GENN,一般名詞
huge,a,GENADJ,一般形容詞
humane,a,GENADJ,一般形容詞
humankind,n,GENN,一般名詞
humble,a,EMOTION,情緒與個性形容詞
humid,a,WEATHER,天氣與環境
humidity,n,WEATHER,天氣與環境
humor,n,ARTS,藝術娛樂／運動休閒
hurry,v,VERB,通用商務動詞
hurt,n,GENN,一般名詞
hush,n,GENN,一般名詞
ice,n,WEATHER,天氣與環境
ice-cold,a,GENADJ,一般形容詞
icon,n,GENN,一般名詞
icy,a,WEATHER,天氣與環境
idea,n,GENN,一般名詞
ideal,a,GENADJ,一般形容詞
idealize,v,VERB,通用商務動詞
identical,a,GENADJ,一般形容詞
identify,v,VERB,通用商務動詞
idle,v,VERB,通用商務動詞
idol,n,GENN,一般名詞
idolize,v,VERB,通用商務動詞
ignite,v,VERB,通用商務動詞
ignition,n,GENN,一般名詞
ignorance,n,GENN,一般名詞
ignorant,a,GENADJ,一般形容詞
ignore,v,VERB,通用商務動詞
ill,a,GENADJ,一般形容詞
ill-advised,a,GENADJ,一般形容詞
illegal,a,GENADJ,一般形容詞
illicit,a,LEGAL,法律與合約
illiteracy,n,GENN,一般名詞
illness,n,HEALTH,醫療與健康
illogical,a,GENADJ,一般形容詞
illuminate,v,VERB,通用商務動詞
illusion,n,GENN,一般名詞
illustrate,v,VERB,通用商務動詞
illustration,n,GENN,一般名詞
image,n,GENN,一般名詞
imaginary,a,GENADJ,一般形容詞
imagination,n,GENN,一般名詞
imagine,v,VERB,通用商務動詞
imitate,v,VERB,通用商務動詞
immature,a,GENADJ,一般形容詞
immediate,a,TIME,時間／頻率／程度副詞
immediately,ad,TIME,時間／頻率／程度副詞
immense,a,GENADJ,一般形容詞
immigrant,n,GENN,一般名詞
immobile,a,GENADJ,一般形容詞
immune,a,GENADJ,一般形容詞
impact,v,VERB,通用商務動詞
impair,v,VERB,通用商務動詞
impartial,a,GENADJ,一般形容詞
impatient,a,EMOTION,情緒與個性形容詞
impeccable,a,GENADJ,一般形容詞
impede,v,VERB,通用商務動詞
imperative,a,GENADJ,一般形容詞
implement,n,GENN,一般名詞
implementation,n,GENN,一般名詞
implication,n,GENN,一般名詞
imply,v,VERB,通用商務動詞
impolite,a,GENADJ,一般形容詞
import,n,LOG,物流與運輸
importance,n,GENN,一般名詞
important,a,GENADJ,一般形容詞
impose,v,VERB,通用商務動詞
impossible,a,GENADJ,一般形容詞
impractical,a,GENADJ,一般形容詞
impress,v,VERB,通用商務動詞
impression,n,GENN,一般名詞
impressive,a,GENADJ,一般形容詞
improper,a,GENADJ,一般形容詞
improve,v,VERB,通用商務動詞
improvement,n,GENN,一般名詞
impulse,n,GENN,一般名詞
in-depth,a,GENADJ,一般形容詞
inability,n,GENN,一般名詞
inaccurate,a,GENADJ,一般形容詞
inactive,a,GENADJ,一般形容詞
inadequate,n,GENN,一般名詞
inbound,a,GENADJ,一般形容詞
incentive,n,HR,人資／招聘
inch,n,GENN,一般名詞
incident,n,GENN,一般名詞
incidental,n,GENN,一般名詞
incinerate,v,VERB,通用商務動詞
incinerator,n,GENN,一般名詞
inclination,n,GENN,一般名詞
incline,v,VERB,通用商務動詞
include,v,VERB,通用商務動詞
including,prep,FUNC,連接詞／介系詞等功能詞
inclusive,a,GENADJ,一般形容詞
incoherent,a,GENADJ,一般形容詞
income,n,FIN,財務／會計
incoming,a,GENADJ,一般形容詞
incompetent,a,GENADJ,一般形容詞
incomplete,a,GENADJ,一般形容詞
inconsistent,a,GENADJ,一般形容詞
inconvenience,n,GENN,一般名詞
inconvenient,a,GENADJ,一般形容詞
incorporate,v,VERB,通用商務動詞
incorporation,n,GENN,一般名詞
incorrect,a,GENADJ,一般形容詞
increase,v,VERB,通用商務動詞
incredibility,n,GENN,一般名詞
incredible,a,GENADJ,一般形容詞
incur,v,VERB,通用商務動詞
indebt,v,VERB,通用商務動詞
indecisive,a,GENADJ,一般形容詞
indeed,ad,GENADV,一般副詞
independent,a,GENADJ,一般形容詞
index,n,GENN,一般名詞
indicate,v,VERB,通用商務動詞
indication,n,GENN,一般名詞
indicator,n,GENN,一般名詞
indifference,n,GENN,一般名詞
indifferent,a,GENADJ,一般形容詞
indispensable,a,GENADJ,一般形容詞
individual,a,GENADJ,一般形容詞
indoor,a,GENADJ,一般形容詞
indoors,ad,GENADV,一般副詞
industrial,a,GENADJ,一般形容詞
industrialize,v,VERB,通用商務動詞
industry,n,GENN,一般名詞
inevitable,a,GENADJ,一般形容詞
inevitably,ad,GENADV,一般副詞
infamous,a,GENADJ,一般形容詞
infancy,n,GENN,一般名詞
infant,n,GENN,一般名詞
infect,v,HEALTH,醫療與健康
infection,n,HEALTH,醫療與健康
infer,v,VERB,通用商務動詞
inference,n,GENN,一般名詞
inferior,a,GENADJ,一般形容詞
info,n,GENN,一般名詞
inform,v,VERB,通用商務動詞
informal,a,GENADJ,一般形容詞
information,n,GENN,一般名詞
informative,a,GENADJ,一般形容詞
infrastructure,n,GENN,一般名詞
ingredient,n,FOOD,餐飲
inhabit,v,VERB,通用商務動詞
inhabitant,n,GENN,一般名詞
inherent,a,GENADJ,一般形容詞
initial,a,GENADJ,一般形容詞
initially,ad,GENADV,一般副詞
initiate,a,GENADJ,一般形容詞
initiation,n,GENN,一般名詞
initiative,a,GENADJ,一般形容詞
inject,v,VERB,通用商務動詞
injection,n,GENN,一般名詞
injure,v,HEALTH,醫療與健康
injured,a,GENADJ,一般形容詞
injury,n,HEALTH,醫療與健康
inner,a,GENADJ,一般形容詞
innocent,a,GENADJ,一般形容詞
innovate,v,VERB,通用商務動詞
innovation,n,GENN,一般名詞
innovator,n,TITLE,職稱與部門角色
inquire,v,CS,客戶服務
inquiry,n,CS,客戶服務
insane,a,HEALTH,醫療與健康
insanity,n,GENN,一般名詞
insecure,a,GENADJ,一般形容詞
insecurity,n,GENN,一般名詞
insert,v,VERB,通用商務動詞
inside,n,GENN,一般名詞
insider,n,GENN,一般名詞
insight,n,GENN,一般名詞
insist,v,VERB,通用商務動詞
inspect,v,MFG,生產與製造
inspection,n,MFG,生產與製造
inspector,n,TITLE|MFG,職稱與部門角色、生產與製造
inspiration,n,GENN,一般名詞
inspire,v,VERB,通用商務動詞
inspiring,a,GENADJ,一般形容詞
install,v,VERB,通用商務動詞
installment,n,BANK|FIN,銀行與投資、財務／會計
instance,n,GENN,一般名詞
instant,a,TIME,時間／頻率／程度副詞
instantaneously,ad,GENADV,一般副詞
instead,ad,GENADV,一般副詞
institute,n,GENN,一般名詞
institution,n,GENN,一般名詞
instruct,n,GENN,一般名詞
instruction,n,WORK|EDU,職場／辦公室日常、教育與學術
instructor,n,TITLE|EDU,職稱與部門角色、教育與學術
instrument,n,GENN,一般名詞
instrumental,a,GENADJ,一般形容詞
insult,v,VERB,通用商務動詞
insurance,n,BANK|HEALTH,銀行與投資、醫療與健康
insure,v,BANK,銀行與投資
integrity,n,GENN,一般名詞
intelligence,n,GENN,一般名詞
intend,v,VERB,通用商務動詞
intense,a,GENADJ,一般形容詞
intensify,v,VERB,通用商務動詞
intensive,a,GENADJ,一般形容詞
intent,v,VERB,通用商務動詞
intention,n,GENN,一般名詞
interchangeable,a,GENADJ,一般形容詞
interest,n,BANK,銀行與投資
interfere,v,VERB,通用商務動詞
interior,a,GENADJ,一般形容詞
intermittent,a,GENADJ,一般形容詞
internal,a,GENADJ,一般形容詞
international,a,GENADJ,一般形容詞
internationalize,v,VERB,通用商務動詞
interpret,v,VERB,通用商務動詞
interpreter,n,GENN,一般名詞
interrupt,v,VERB,通用商務動詞
interruption,n,GENN,一般名詞
interview,n,HR|MEDIA,人資／招聘、媒體與傳播
interviewee,n,TITLE|HR,職稱與部門角色、人資／招聘
interviewer,n,TITLE|HR,職稱與部門角色、人資／招聘
intricate,a,GENADJ,一般形容詞
introduce,v,VERB,通用商務動詞
introduction,n,GENN,一般名詞
introductory,a,GENADJ,一般形容詞
invent,v,VERB,通用商務動詞
invention,n,GENN,一般名詞
inventive,a,GENADJ,一般形容詞
inventor,n,GENN,一般名詞
inventory,n,ORDER|LOG,採購／訂單、物流與運輸
invest,v,BANK,銀行與投資
investment,n,BANK,銀行與投資
investor,n,BANK,銀行與投資
invisible,a,GENADJ,一般形容詞
invitation,n,GENN,一般名詞
invite,v,VERB,通用商務動詞
invoice,n,FIN|ORDER,財務／會計、採購／訂單
involve,v,VERB,通用商務動詞
involvement,n,GENN,一般名詞
irrelevant,a,GENADJ,一般形容詞
issue,v,VERB,通用商務動詞
item,n,GENN,一般名詞
itemize,v,VERB,通用商務動詞
itinerary,n,TRAVEL,差旅與交通
janitor,n,TITLE,職稱與部門角色
job,n,GENN,一般名詞
jobless,a,GENADJ,一般形容詞
jog,n,GENN,一般名詞
join,v,VERB,通用商務動詞
joint,n,GENN,一般名詞
journal,n,MEDIA,媒體與傳播
journalist,n,TITLE|MEDIA,職稱與部門角色、媒體與傳播
journey,n,TRAVEL,差旅與交通
judge,v,LEGAL,法律與合約
judgmental,a,GENADJ,一般形容詞
junction,n,GENN,一般名詞
justice,n,LEGAL,法律與合約
justify,v,LEGAL,法律與合約
keen,a,GENADJ,一般形容詞
keenly,ad,GENADV,一般副詞
keep,v,VERB,通用商務動詞
keeper,n,GENN,一般名詞
key,n,GENN,一般名詞
keyboard,n,TECH,科技與電腦
kick,v,VERB,通用商務動詞
kickoff,n,GENN,一般名詞
kid,n,GENN,一般名詞
kidna,v,VERB,通用商務動詞
kidnapper,n,GENN,一般名詞
kidney,n,GENN,一般名詞
kilogram,n,GENN,一般名詞
kilometer,n,GENN,一般名詞
kin,a,GENADJ,一般形容詞
kind,a,EMOTION,情緒與個性形容詞
kindly,a,GENADJ,一般形容詞
kindness,n,EMOTION,情緒與個性形容詞
kit,n,GENN,一般名詞
know,v,VERB,通用商務動詞
knowingly,ad,GENADV,一般副詞
knowledge,n,GENN,一般名詞
knowledgeable,a,GENADJ,一般形容詞
lab,n,GENN,一般名詞
label,n,GENN,一般名詞
labor,n,MFG,生產與製造
laboratory,n,GENN,一般名詞
lack,v,VERB,通用商務動詞
lacking,a,GENADJ,一般形容詞
lag,v,VERB,通用商務動詞
laid-back,a,GENADJ,一般形容詞
lamentl,n,GENN,一般名詞
lamp,n,HOME,居家／房間／家具
land,n,GENN,一般名詞
landing,n,GENN,一般名詞
landlady,n,TITLE|HOME,職稱與部門角色、居家／房間／家具
landlord,n,TITLE|HOME,職稱與部門角色、居家／房間／家具
landmark,n,GENN,一般名詞
landscape,n,GENN,一般名詞
landscaper,n,GENN,一般名詞
languish,v,VERB,通用商務動詞
lapse,v,VERB,通用商務動詞
large,a,GENADJ,一般形容詞
large-scale,a,GENADJ,一般形容詞
lash,n,GENN,一般名詞
last,v,VERB,通用商務動詞
last-minute,a,GENADJ,一般形容詞
late,a,GENADJ,一般形容詞
lately,a,TIME,時間／頻率／程度副詞
later,a,GENADJ,一般形容詞
latter,a,GENADJ,一般形容詞
launch,v,MKT,行銷與業務
laundry,n,GENN,一般名詞
lavatory,n,GENN,一般名詞
law,n,LEGAL|GOV,法律與合約、政府／公共事務
lawful,a,LEGAL,法律與合約
lawsuit,n,LEGAL,法律與合約
lawyer,n,TITLE|LEGAL,職稱與部門角色、法律與合約
lay,v,VERB,通用商務動詞
layer,n,GENN,一般名詞
layoff,n,HR,人資／招聘
layout,n,GENN,一般名詞
lead,v,VERB,通用商務動詞
leader,n,GENN,一般名詞
leading,a,GENADJ,一般形容詞
league,n,GENN,一般名詞
leak,n,GENN,一般名詞
leakage,n,GENN,一般名詞
lean,v,VERB,通用商務動詞
leap,v,VERB,通用商務動詞
learn,v,VERB,通用商務動詞
lease,n,HOME,居家／房間／家具
least,a,GENADJ,一般形容詞
leathe,n,GENN,一般名詞
leave,v,VERB,通用商務動詞
lecture,n,EDU,教育與學術
legal,a,LEGAL,法律與合約
legalize,v,LEGAL,法律與合約
legitimate,a,LEGAL,法律與合約
leisure,n,ARTS,藝術娛樂／運動休閒
lend,v,VERB,通用商務動詞
lesson,n,EDU,教育與學術
letter,n,GENN,一般名詞
letterhead,n,WORK,職場／辦公室日常
level,n,GENN,一般名詞
leverage,n,GENN,一般名詞
liability,n,FIN|LEGAL,財務／會計、法律與合約
liable,a,LEGAL,法律與合約
liberal,a,GENADJ,一般形容詞
library,n,EDU,教育與學術
license,n,LEGAL,法律與合約
lifestyle,n,GENN,一般名詞
likelihood,n,GENN,一般名詞
likely,a,GENADJ,一般形容詞
limit,v,VERB,通用商務動詞
limited,a,GENADJ,一般形容詞
link,n,GENN,一般名詞
list,n,GENN,一般名詞
litter,n,GENN,一般名詞
load,n,GENN,一般名詞
loan,n,BANK,銀行與投資
local,a,GENADJ,一般形容詞
locate,v,VERB,通用商務動詞
located,a,GENADJ,一般形容詞
location,n,GENN,一般名詞
lock,n,GENN,一般名詞
locksmith,n,TITLE,職稱與部門角色
logistics,n,LOG,物流與運輸
logo,n,MKT,行銷與業務
loom,n,GENN,一般名詞
lose,v,VERB,通用商務動詞
loss,n,FIN,財務／會計
lounge,n,HOTEL,飯店與住宿
loyal,a,EMOTION,情緒與個性形容詞
loyalty,n,EMOTION,情緒與個性形容詞
lucrative,a,GENADJ,一般形容詞
luggage,n,TRAVEL,差旅與交通
lumber,n,GENN,一般名詞
mad,a,GENADJ,一般形容詞
madness,n,GENN,一般名詞
magazine,n,MEDIA,媒體與傳播
mail,n,GENN,一般名詞
mailing,n,GENN,一般名詞
main,a,GENADJ,一般形容詞
mainframe,n,WORK,職場／辦公室日常
maintain,v,VERB,通用商務動詞
maintenance,n,GENN,一般名詞
major,a,GENADJ,一般形容詞
majority,n,GENN,一般名詞
mall,n,SHOP,購物與零售
manage,v,VERB,通用商務動詞
management,n,GENN,一般名詞
manager,n,TITLE,職稱與部門角色
managerial,a,GENADJ,一般形容詞
mandate,n,GENN,一般名詞
manner,n,GENN,一般名詞
manual,a,GENADJ,一般形容詞
manually,ad,GENADV,一般副詞
manufacture,v,MFG,生產與製造
manufacturer,n,MFG,生產與製造
margin,n,FIN,財務／會計
mark,n,GENN,一般名詞
market,n,MKT,行銷與業務
match,n,GENN,一般名詞
maternal,a,GENADJ,一般形容詞
matter,n,GENN,一般名詞
maximum,n,GENN,一般名詞
mayor,n,TITLE|GOV,職稱與部門角色、政府／公共事務
mean,a,GENADJ,一般形容詞
meaning,n,GENN,一般名詞
measurable,a,GENADJ,一般形容詞
measure,v,VERB,通用商務動詞
measurement,n,GENN,一般名詞
medicine,n,HEALTH,醫療與健康
mediocre,a,GENADJ,一般形容詞
medium,n,GENN,一般名詞
member,n,GENN,一般名詞
membership,n,GENN,一般名詞
memo,n,WORK,職場／辦公室日常
mend,v,VERB,通用商務動詞
mental,a,GENADJ,一般形容詞
mention,v,VERB,通用商務動詞
mentor,n,TITLE,職稱與部門角色
menu,n,FOOD,餐飲
merchandise,n,MKT|SHOP,行銷與業務、購物與零售
merge,v,VERB,通用商務動詞
merger,n,GENN,一般名詞
message,n,GENN,一般名詞
messenger,n,GENN,一般名詞
method,n,GENN,一般名詞
meticulous,a,GENADJ,一般形容詞
metropolitan,a,GENADJ,一般形容詞
mid-range,a,GENADJ,一般形容詞
midday,n,GENN,一般名詞
midmorning,n,GENN,一般名詞
mild,a,GENADJ,一般形容詞
mildly,ad,GENADV,一般副詞
millennium,n,GENN,一般名詞
minimum,n,GENN,一般名詞
minority,n,GENN,一般名詞
minute,n,GENN,一般名詞
minutely,a,GENADJ,一般形容詞
miserable,a,EMOTION,情緒與個性形容詞
miserably,ad,EMOTION,情緒與個性形容詞
mission,n,GENN,一般名詞
mistake,v,VERB,通用商務動詞
mistaken,a,GENADJ,一般形容詞
mistreat,v,VERB,通用商務動詞
mistreatment,n,GENN,一般名詞
misunderstand,v,VERB,通用商務動詞
misunderstanding,n,GENN,一般名詞
mitigate,v,VERB,通用商務動詞
mobilize,v,VERB,通用商務動詞
moderately,ad,TIME,時間／頻率／程度副詞
modest,a,EMOTION,情緒與個性形容詞
momentum,n,GENN,一般名詞
monetize,v,VERB,通用商務動詞
money,n,GENN,一般名詞
monitor,n,TECH,科技與電腦
mood,n,GENN,一般名詞
moral,a,GENADJ,一般形容詞
mortgag,n,GENN,一般名詞
motivate,v,VERB,通用商務動詞
motivation,n,GENN,一般名詞
motive,n,GENN,一般名詞
move,v,VERB,通用商務動詞
movement,n,GENN,一般名詞
mul,v,VERB,通用商務動詞
myriad,n,GENN,一般名詞
nag,v,VERB,通用商務動詞
nail,n,GENN,一般名詞
naive,a,GENADJ,一般形容詞
name,n,GENN,一般名詞
namely,ad,GENADV,一般副詞
narrate,v,VERB,通用商務動詞
narration,n,GENN,一般名詞
narrator,n,TITLE,職稱與部門角色
narrow,a,GENADJ,一般形容詞
narrowly,ad,GENADV,一般副詞
nation,n,GOV,政府／公共事務
national,a,GOV,政府／公共事務
nationality,n,GOV,政府／公共事務
nationwide,a,GENADJ,一般形容詞
native,a,GENADJ,一般形容詞
natural,a,GENADJ,一般形容詞
naturally,ad,GENADV,一般副詞
nearby,a,GENADJ,一般形容詞
necessarily,ad,GENADV,一般副詞
necessary,a,GENADJ,一般形容詞
necessity,n,GENN,一般名詞
need,n,GENN,一般名詞
neglect,n,GENN,一般名詞
neglectful,a,GENADJ,一般形容詞
negligence,n,GENN,一般名詞
negotiable,a,GENADJ,一般形容詞
negotiate,v,VERB,通用商務動詞
negotiator,n,TITLE,職稱與部門角色
nevertheless,ad,GENADV,一般副詞
news,n,GENN,一般名詞
newsletter,n,GENN,一般名詞
nexus,n,GENN,一般名詞
nominate,v,VERB,通用商務動詞
nomination,n,GENN,一般名詞
nominee,n,GENN,一般名詞
note,n,GENN,一般名詞
notebook,n,WORK,職場／辦公室日常
notice,v,VERB,通用商務動詞
novel,n,ARTS,藝術娛樂／運動休閒
novelty,n,GENN,一般名詞
null,a,GENADJ,一般形容詞
nurse,n,HEALTH,醫療與健康
nursing,n,HEALTH,醫療與健康
nurture,n,GENN,一般名詞
nutrient,a,FOOD,餐飲
nutrition,n,FOOD|HEALTH,餐飲、醫療與健康
object,n,GENN,一般名詞
objection,n,GENN,一般名詞
objective,a,GENADJ,一般形容詞
obligation,n,GENN,一般名詞
obligatory,n,GENN,一般名詞
observe,v,VERB,通用商務動詞
obsolete,a,GENADJ,一般形容詞
obtain,v,VERB,通用商務動詞
obvious,a,GENADJ,一般形容詞
obviously,ad,GENADV,一般副詞
occasion,n,TIME,時間／頻率／程度副詞
occupancy,n,HOTEL,飯店與住宿
occupation,n,GENN,一般名詞
occupied,a,GENADJ,一般形容詞
occur,v,VERB,通用商務動詞
occurrence,n,GENN,一般名詞
offence,n,GENN,一般名詞
offender,n,GENN,一般名詞
offense,n,GENN,一般名詞
offensive,a,GENADJ,一般形容詞
offer,v,VERB,通用商務動詞
offset,v,VERB,通用商務動詞
omission,n,GENN,一般名詞
omit,v,VERB,通用商務動詞
oom-out,v,VERB,通用商務動詞
operate,v,VERB,通用商務動詞
operation,a,GENADJ,一般形容詞
operational,a,GENADJ,一般形容詞
operator,n,GENN,一般名詞
opinion,n,GENN,一般名詞
opportune,a,GENADJ,一般形容詞
opportunity,n,GENN,一般名詞
opposite,a,GENADJ,一般形容詞
option,n,GENN,一般名詞
order,n,ORDER,採購／訂單
ordinarily,a,GENADJ,一般形容詞
ordinary,a,GENADJ,一般形容詞
organize,v,VERB,通用商務動詞
origin,n,GENN,一般名詞
original,a,GENADJ,一般形容詞
originality,n,GENN,一般名詞
originally,ad,GENADV,一般副詞
originate,v,VERB,通用商務動詞
out-of-date,a,GENADJ,一般形容詞
outbound,a,GENADJ,一般形容詞
outdo,v,VERB,通用商務動詞
outdoor,a,GENADJ,一般形容詞
outer,a,GENADJ,一般形容詞
outgoing,a,GENADJ,一般形容詞
outgun,v,VERB,通用商務動詞
outlaw,n,GENN,一般名詞
outlet,n,GENN,一般名詞
outline,n,GENN,一般名詞
outlook,n,GENN,一般名詞
outmaneuver,v,VERB,通用商務動詞
output,v,MFG,生產與製造
outrage,n,GENN,一般名詞
outrageous,a,GENADJ,一般形容詞
outrun,v,VERB,通用商務動詞
outskirt,n,GENN,一般名詞
outsmart,v,VERB,通用商務動詞
outstanding,a,GENADJ,一般形容詞
outward,a,GENADJ,一般形容詞
outweigh,v,VERB,通用商務動詞
overall,a,GENADJ,一般形容詞
overcome,v,VERB,通用商務動詞
overhead,a,GENADJ,一般形容詞
overlap,v,VERB,通用商務動詞
overlook,v,VERB,通用商務動詞
overseas,a,GENADJ,一般形容詞
oversee,v,VERB,通用商務動詞
overtime,n,WORK,職場／辦公室日常
overview,n,GENN,一般名詞
overwhelm,v,VERB,通用商務動詞
ow,v,VERB,通用商務動詞
own,a,GENADJ,一般形容詞
owner,n,GENN,一般名詞
package,n,LOG,物流與運輸
panel,a,MEET,會議與簡報
paragraph,n,GENN,一般名詞
part,n,GENN,一般名詞
part-time,a,GENADJ,一般形容詞
partial,a,GENADJ,一般形容詞
participant,n,MEET,會議與簡報
participate,v,MEET,會議與簡報
particular,a,GENADJ,一般形容詞
particularly,ad,TIME,時間／頻率／程度副詞
partner,n,GENN,一般名詞
partnership,n,WORK|MKT,職場／辦公室日常、行銷與業務
party,n,GENN,一般名詞
pass,v,VERB,通用商務動詞
passage,n,GENN,一般名詞
passenger,n,GENN,一般名詞
passport,n,TRAVEL,差旅與交通
patch,n,GENN,一般名詞
path,n,GENN,一般名詞
patience,n,EMOTION,情緒與個性形容詞
patient,a,HEALTH|EMOTION,醫療與健康、情緒與個性形容詞
pattern,n,GENN,一般名詞
pay,v,VERB,通用商務動詞
payable,a,FIN,財務／會計
payment,n,FIN,財務／會計
payroll,n,HR,人資／招聘
peace,n,GENN,一般名詞
peaceful,a,GENADJ,一般形容詞
peculiar,a,GENADJ,一般形容詞
penalize,v,LEGAL,法律與合約
penalty,n,LEGAL,法律與合約
perceive,v,VERB,通用商務動詞
percent,n,GENN,一般名詞
percentage,n,GENN,一般名詞
perception,n,GENN,一般名詞
perfect,a,GENADJ,一般形容詞
perform,n,GENN,一般名詞
performance,n,HR,人資／招聘
perhaps,ad,GENADV,一般副詞
period,n,GENN,一般名詞
periodical,a,TIME,時間／頻率／程度副詞
permanent,a,TIME,時間／頻率／程度副詞
permit,v,VERB,通用商務動詞
persistence,n,GENN,一般名詞
persistent,a,GENADJ,一般形容詞
personnel,n,HR,人資／招聘
perspective,a,GENADJ,一般形容詞
persuade,v,VERB,通用商務動詞
persuasion,n,GENN,一般名詞
pertain,v,VERB,通用商務動詞
pertinent,a,GENADJ,一般形容詞
petrol,n,GENN,一般名詞
pharmacy,n,HEALTH,醫療與健康
photo,n,GENN,一般名詞
photograph,n,GENN,一般名詞
photographer,n,TITLE,職稱與部門角色
pile,n,GENN,一般名詞
pin,n,WORK,職場／辦公室日常
pioneer,n,TITLE,職稱與部門角色
pipeline,n,GENN,一般名詞
pitch,v,MKT,行銷與業務
place,n,GENN,一般名詞
placement,n,GENN,一般名詞
placid,a,GENADJ,一般形容詞
plain,a,GENADJ,一般形容詞
plan,n,GENN,一般名詞
plane,n,GENN,一般名詞
planet,n,GENN,一般名詞
plant,n,MFG,生產與製造
please,v,VERB,通用商務動詞
pleased,a,EMOTION,情緒與個性形容詞
pleasure,n,EMOTION,情緒與個性形容詞
plug,n,GENN,一般名詞
plumber,n,TITLE,職稱與部門角色
pocket,n,GENN,一般名詞
policy,n,BANK|GOV,銀行與投資、政府／公共事務
polite,a,EMOTION,情緒與個性形容詞
poll,n,GENN,一般名詞
pollute,v,WEATHER,天氣與環境
pollution,n,WEATHER,天氣與環境
ponder,v,VERB,通用商務動詞
population,n,GENN,一般名詞
portable,a,GENADJ,一般形容詞
portfolio,n,BANK,銀行與投資
pose,n,GENN,一般名詞
position,n,GENN,一般名詞
possess,v,VERB,通用商務動詞
possession,n,GENN,一般名詞
possibility,n,GENN,一般名詞
possible,a,GENADJ,一般形容詞
post,n,GENN,一般名詞
postage,n,WORK|SHOP,職場／辦公室日常、購物與零售
posting,n,GENN,一般名詞
postmaster,n,GENN,一般名詞
postpone,v,VERB,通用商務動詞
posture,n,GENN,一般名詞
potency,n,GENN,一般名詞
potential,a,GENADJ,一般形容詞
power,n,GENN,一般名詞
powerful,a,GENADJ,一般形容詞
pr,n,GENN,一般名詞
practical,a,GENADJ,一般形容詞
practice,v,VERB,通用商務動詞
precise,a,GENADJ,一般形容詞
precisely,ad,TIME,時間／頻率／程度副詞
precondition,n,GENN,一般名詞
predict,v,VERB,通用商務動詞
predictable,a,GENADJ,一般形容詞
prediction,n,GENN,一般名詞
predisposition,n,GENN,一般名詞
predominate,v,VERB,通用商務動詞
preface,n,GENN,一般名詞
prefer,v,VERB,通用商務動詞
preference,n,GENN,一般名詞
prejudice,n,GENN,一般名詞
premises,n,GENN,一般名詞
premium,a,BANK,銀行與投資
prepaid,a,GENADJ,一般形容詞
prepare,v,VERB,通用商務動詞
prescription,n,HEALTH,醫療與健康
present,a,GENADJ,一般形容詞
preserve,v,VERB,通用商務動詞
president,n,TITLE,職稱與部門角色
press,v,MEDIA,媒體與傳播
pressure,n,GENN,一般名詞
presume,v,VERB,通用商務動詞
pretend,v,VERB,通用商務動詞
pretense,n,GENN,一般名詞
pretentious,a,GENADJ,一般形容詞
prevail,v,VERB,通用商務動詞
prevalent,a,GENADJ,一般形容詞
prevent,v,VERB,通用商務動詞
preventive,a,GENADJ,一般形容詞
previous,a,TIME,時間／頻率／程度副詞
previously,ad,TIME,時間／頻率／程度副詞
price,n,SHOP,購物與零售
priceless,a,GENADJ,一般形容詞
primarily,ad,TIME,時間／頻率／程度副詞
prime,a,GENADJ,一般形容詞
principal,a,GENADJ,一般形容詞
principle,n,GENN,一般名詞
prior,a,GENADJ,一般形容詞
prioritize,v,VERB,通用商務動詞
priority,n,GENN,一般名詞
privacy,n,GENN,一般名詞
private,a,GENADJ,一般形容詞
privatize,v,VERB,通用商務動詞
privilege,n,GENN,一般名詞
prize,n,GENN,一般名詞
probably,ad,GENADV,一般副詞
procedure,n,GENN,一般名詞
proceed,v,VERB,通用商務動詞
process,n,GENN,一般名詞
procure,n,ORDER,採購／訂單
procurement,n,ORDER,採購／訂單
product,n,MFG,生產與製造
production,n,MFG,生產與製造
productivity,n,GENN,一般名詞
profession,n,GENN,一般名詞
professional,a,GENADJ,一般形容詞
profound,a,GENADJ,一般形容詞
program,n,TECH,科技與電腦
programmer,n,TECH,科技與電腦
progress,v,VERB,通用商務動詞
progression,n,GENN,一般名詞
prohibit,v,VERB,通用商務動詞
project,v,VERB,通用商務動詞
projection,n,GENN,一般名詞
prolong,v,VERB,通用商務動詞
promise,v,VERB,通用商務動詞
promote,v,HR|MKT,人資／招聘、行銷與業務
promotional,a,MKT,行銷與業務
proof,n,GENN,一般名詞
proper,a,GENADJ,一般形容詞
property,n,LEGAL|HOME,法律與合約、居家／房間／家具
proposal,n,GENN,一般名詞
propose,v,VERB,通用商務動詞
prospect,n,GENN,一般名詞
protect,v,VERB,通用商務動詞
protection,n,GENN,一般名詞
proud,a,EMOTION,情緒與個性形容詞
prove,v,VERB,通用商務動詞
provide,v,VERB,通用商務動詞
proximity,n,GENN,一般名詞
public,a,GOV,政府／公共事務
publication,n,MEDIA,媒體與傳播
publicize,v,VERB,通用商務動詞
publish,v,MEDIA,媒體與傳播
publisher,n,TITLE|MEDIA,職稱與部門角色、媒體與傳播
punish,v,VERB,通用商務動詞
punishment,n,GENN,一般名詞
purchase,v,MKT|ORDER|SHOP,行銷與業務、採購／訂單、購物與零售
pure,a,GENADJ,一般形容詞
purely,a,GENADJ,一般形容詞
purify,v,VERB,通用商務動詞
purpose,n,GENN,一般名詞
pursue,v,VERB,通用商務動詞
pursuit,n,GENN,一般名詞
qualify,v,HR,人資／招聘
quality,n,MFG,生產與製造
quantity,n,GENN,一般名詞
quarrel,n,GENN,一般名詞
quarter,n,FIN,財務／會計
quarterly,a,FIN|TIME,財務／會計、時間／頻率／程度副詞
question,n,GENN,一般名詞
questionable,a,GENADJ,一般形容詞
queue,n,SHOP|TRAVEL,購物與零售、差旅與交通
quick,a,GENADJ,一般形容詞
quickly,ad,TIME,時間／頻率／程度副詞
quiet,a,GENADJ,一般形容詞
quit,v,VERB,通用商務動詞
quite,ad,TIME,時間／頻率／程度副詞
quotation,n,ORDER,採購／訂單
quote,v,ORDER,採購／訂單
race,n,GENN,一般名詞
racial,a,GENADJ,一般形容詞
radical,a,GENADJ,一般形容詞
radio,n,MEDIA,媒體與傳播
radioactive,a,GENADJ,一般形容詞
radius,n,GENN,一般名詞
railroad,n,TRAVEL,差旅與交通
raise,v,VERB,通用商務動詞
random,a,GENADJ,一般形容詞
randomly,ad,GENADV,一般副詞
range,n,GENN,一般名詞
rank,n,GENN,一般名詞
rapid,a,TIME,時間／頻率／程度副詞
rapidly,ad,TIME,時間／頻率／程度副詞
rare,a,GENADJ,一般形容詞
rarely,ad,TIME,時間／頻率／程度副詞
rate,v,VERB,通用商務動詞
rather,ad,TIME,時間／頻率／程度副詞
rational,a,GENADJ,一般形容詞
reac,v,VERB,通用商務動詞
read,v,VERB,通用商務動詞
reader,n,GENN,一般名詞
readership,n,EDU,教育與學術
readiness,n,GENN,一般名詞
ready,a,GENADJ,一般形容詞
realization,n,GENN,一般名詞
realize,v,VERB,通用商務動詞
reason,n,GENN,一般名詞
reasonable,a,GENADJ,一般形容詞
rebel,n,GENN,一般名詞
rebellion,n,GENN,一般名詞
rebound,v,VERB,通用商務動詞
rebuild,v,VERB,通用商務動詞
recall,v,VERB,通用商務動詞
receipt,n,FIN|SHOP,財務／會計、購物與零售
receive,v,VERB,通用商務動詞
recent,a,TIME,時間／頻率／程度副詞
recently,ad,TIME,時間／頻率／程度副詞
reception,n,GENN,一般名詞
receptionist,n,TITLE,職稱與部門角色
recharge,v,VERB,通用商務動詞
recipient,n,GENN,一般名詞
reclaim,v,VERB,通用商務動詞
recognition,n,GENN,一般名詞
recognizable,a,GENADJ,一般形容詞
recognize,v,VERB,通用商務動詞
recommend,v,VERB,通用商務動詞
recommendation,n,GENN,一般名詞
reconsider,v,VERB,通用商務動詞
record,v,VERB,通用商務動詞
recover,v,VERB,通用商務動詞
recovery,n,GENN,一般名詞
recruit,v,HR,人資／招聘
recruitment,n,HR,人資／招聘
rectangle,n,GENN,一般名詞
rectify,v,VERB,通用商務動詞
reduce,v,VERB,通用商務動詞
refer,v,VERB,通用商務動詞
reference,n,WORK,職場／辦公室日常
refund,n,CS|SHOP,客戶服務、購物與零售
refurbish,v,VERB,通用商務動詞
refusal,n,GENN,一般名詞
refuse,v,VERB,通用商務動詞
regard,n,GENN,一般名詞
regarding,prep,FUNC,連接詞／介系詞等功能詞
regardless,ad,GENADV,一般副詞
region,n,GENN,一般名詞
registering,a,GENADJ,一般形容詞
regular,a,TIME,時間／頻率／程度副詞
regularly,ad,TIME,時間／頻率／程度副詞
regulate,v,LEGAL|GOV,法律與合約、政府／公共事務
regulation,n,LEGAL|GOV,法律與合約、政府／公共事務
rehearsal,n,MEET,會議與簡報
rehearse,v,MEET,會議與簡報
reimburse,v,FIN,財務／會計
reimbursement,n,FIN,財務／會計
reinforce,v,VERB,通用商務動詞
reinforcement,n,GENN,一般名詞
reiterate,v,VERB,通用商務動詞
reject,v,VERB,通用商務動詞
rejection,n,GENN,一般名詞
relate,v,VERB,通用商務動詞
relation,n,GENN,一般名詞
relationship,n,GENN,一般名詞
release,v,VERB,通用商務動詞
relevant,a,GENADJ,一般形容詞
reliable,a,EMOTION,情緒與個性形容詞
relief,n,GENN,一般名詞
relocate,v,VERB,通用商務動詞
rely,v,VERB,通用商務動詞
remain,v,VERB,通用商務動詞
remake,v,VERB,通用商務動詞
remark,v,VERB,通用商務動詞
remarkable,a,GENADJ,一般形容詞
remember,v,VERB,通用商務動詞
remind,v,VERB,通用商務動詞
remote,a,GENADJ,一般形容詞
remotely,a,GENADJ,一般形容詞
removal,n,GENN,一般名詞
remove,v,VERB,通用商務動詞
render,v,VERB,通用商務動詞
renew,v,VERB,通用商務動詞
renewal,n,GENN,一般名詞
renovation,n,GENN,一般名詞
renowned,a,GENADJ,一般形容詞
rent,n,HOME,居家／房間／家具
rental,a,HOME,居家／房間／家具
repair,v,VERB,通用商務動詞
repeat,v,VERB,通用商務動詞
repetition,n,GENN,一般名詞
repetitive,a,GENADJ,一般形容詞
replace,v,VERB,通用商務動詞
replacement,n,GENN,一般名詞
replay,v,VERB,通用商務動詞
reply,v,VERB,通用商務動詞
report,v,MEDIA,媒體與傳播
represent,v,VERB,通用商務動詞
representative,a,GENADJ,一般形容詞
reputation,n,GENN,一般名詞
request,v,VERB,通用商務動詞
require,v,VERB,通用商務動詞
requirement,n,GENN,一般名詞
reschedule,v,VERB,通用商務動詞
research,v,EDU,教育與學術
resemblance,n,GENN,一般名詞
resemble,v,VERB,通用商務動詞
reservation,n,HOTEL|FOOD,飯店與住宿、餐飲
reserve,v,HOTEL,飯店與住宿
residence,n,HOME,居家／房間／家具
resident,n,GENN,一般名詞
residential,a,HOME,居家／房間／家具
residual,a,GENADJ,一般形容詞
residue,n,GENN,一般名詞
resign,v,HR,人資／招聘
resignation,n,HR,人資／招聘
resist,v,VERB,通用商務動詞
resistance,n,GENN,一般名詞
resolute,a,GENADJ,一般形容詞
resolve,v,CS,客戶服務
resource,n,GENN,一般名詞
respect,n,GENN,一般名詞
respond,n,CS,客戶服務
response,n,CS,客戶服務
responsible,a,GENADJ,一般形容詞
responsive,a,GENADJ,一般形容詞
restriction,n,GENN,一般名詞
resume,v,HR,人資／招聘
retai,v,VERB,通用商務動詞
retail,n,MKT|SHOP,行銷與業務、購物與零售
retailer,n,MKT|SHOP,行銷與業務、購物與零售
retainable,a,GENADJ,一般形容詞
retainer,n,GENN,一般名詞
retire,v,HR,人資／招聘
retirement,n,HR,人資／招聘
retrieve,v,VERB,通用商務動詞
return,v,VERB,通用商務動詞
reveal,v,VERB,通用商務動詞
revenue,n,FIN,財務／會計
reverse,a,GENADJ,一般形容詞
review,v,VERB,通用商務動詞
revise,v,VERB,通用商務動詞
revision,n,GENN,一般名詞
revive,v,VERB,通用商務動詞
revolve,v,VERB,通用商務動詞
reward,n,GENN,一般名詞
rigorous,a,GENADJ,一般形容詞
rise,v,VERB,通用商務動詞
rival,n,GENN,一般名詞
rivalry,n,GENN,一般名詞
robust,v,VERB,通用商務動詞
route,n,LOG|TRAVEL,物流與運輸、差旅與交通
routine,n,GENN,一般名詞
royal,a,GOV,政府／公共事務
royalty,n,GENN,一般名詞
rule,n,GENN,一般名詞
run,v,VERB,通用商務動詞
rush,v,VERB,通用商務動詞
sadden,v,VERB,通用商務動詞
sadly,ad,GENADV,一般副詞
sadness,n,EMOTION,情緒與個性形容詞
safe,n,GENN,一般名詞
safeguard,v,VERB,通用商務動詞
safety,n,GENN,一般名詞
salary,n,HR,人資／招聘
sale,n,MKT,行銷與業務
salvage,n,GENN,一般名詞
sample,n,ORDER,採購／訂單
sanitary,n,GENN,一般名詞
satisfaction,n,CS|EMOTION,客戶服務、情緒與個性形容詞
satisfy,v,CS,客戶服務
savvy,v,VERB,通用商務動詞
scale,n,GENN,一般名詞
scan,v,WORK|TECH,職場／辦公室日常、科技與電腦
scanner,n,WORK|TECH,職場／辦公室日常、科技與電腦
scene,n,GENN,一般名詞
scenery,n,GENN,一般名詞
schedule,n,GENN,一般名詞
scope,n,GENN,一般名詞
scratch,v,VERB,通用商務動詞
screen,n,TECH,科技與電腦
scrutinize,v,VERB,通用商務動詞
seam,n,GENN,一般名詞
seamlessly,ad,GENADV,一般副詞
search,v,VERB,通用商務動詞
season,n,GENN,一般名詞
secret,n,GENN,一般名詞
section,n,GENN,一般名詞
secure,a,GENADJ,一般形容詞
security,n,GENN,一般名詞
seek,v,VERB,通用商務動詞
segment,n,MKT,行銷與業務
seldom,ad,TIME,時間／頻率／程度副詞
select,v,VERB,通用商務動詞
selection,n,GENN,一般名詞
selective,a,GENADJ,一般形容詞
self,n,GENN,一般名詞
self-employed,a,GENADJ,一般形容詞
semester,n,EDU,教育與學術
seminar,n,MEET,會議與簡報
senior,a,GENADJ,一般形容詞
sense,n,GENN,一般名詞
sensible,a,EMOTION,情緒與個性形容詞
sensitive,a,EMOTION,情緒與個性形容詞
separate,v,VERB,通用商務動詞
separation,n,GENN,一般名詞
sequence,n,GENN,一般名詞
series,n,GENN,一般名詞
serious,a,GENADJ,一般形容詞
serve,v,VERB,通用商務動詞
service,n,CS,客戶服務
session,n,GENN,一般名詞
set,v,VERB,通用商務動詞
setback,n,GENN,一般名詞
setup,n,GENN,一般名詞
several,a,GENADJ,一般形容詞
severe,a,GENADJ,一般形容詞
severely,ad,GENADV,一般副詞
shape,n,GENN,一般名詞
share,v,BANK,銀行與投資
shareholder,n,BANK,銀行與投資
sharp,a,GENADJ,一般形容詞
shelf,n,HOME,居家／房間／家具
ship,n,LOG,物流與運輸
shipment,n,LOG,物流與運輸
shipping,n,LOG,物流與運輸
shortage,n,GENN,一般名詞
shredder,n,GENN,一般名詞
sight,n,GENN,一般名詞
sign,n,GENN,一般名詞
signify,v,VERB,通用商務動詞
similar,a,GENADJ,一般形容詞
simulate,v,VERB,通用商務動詞
simulation,n,GENN,一般名詞
sincere,a,EMOTION,情緒與個性形容詞
sincerely,ad,EMOTION,情緒與個性形容詞
sinful,a,GENADJ,一般形容詞
sink,v,VERB,通用商務動詞
site,n,GENN,一般名詞
situation,n,GENN,一般名詞
size,n,GENN,一般名詞
skill,n,GENN,一般名詞
skillful,a,GENADJ,一般形容詞
skim,v,VERB,通用商務動詞
slash,v,VERB,通用商務動詞
slice,n,GENN,一般名詞
slip,v,VERB,通用商務動詞
slippery,a,GENADJ,一般形容詞
slogan,n,MKT,行銷與業務
slope,n,GENN,一般名詞
sloppy,a,GENADJ,一般形容詞
slot,n,GENN,一般名詞
slump,v,VERB,通用商務動詞
smoothl,ad,GENADV,一般副詞
soar,v,VERB,通用商務動詞
society,n,GENN,一般名詞
software,n,TECH,科技與電腦
sola,a,GENADJ,一般形容詞
solace,n,GENN,一般名詞
solely,ad,GENADV,一般副詞
solicit,v,VERB,通用商務動詞
solve,v,VERB,通用商務動詞
sophisticated,a,EMOTION,情緒與個性形容詞
sort,v,VERB,通用商務動詞
sound,n,GENN,一般名詞
source,n,GENN,一般名詞
space,n,GENN,一般名詞
span,n,GENN,一般名詞
special,a,GENADJ,一般形容詞
specialize,v,VERB,通用商務動詞
specialty,n,GENN,一般名詞
specify,v,VERB,通用商務動詞
speech,n,MEET,會議與簡報
speed,n,GENN,一般名詞
spend,v,VERB,通用商務動詞
splendid,a,GENADJ,一般形容詞
sponsor,n,MKT,行銷與業務
sponsorship,n,MKT,行銷與業務
spot,n,GENN,一般名詞
spray,n,GENN,一般名詞
spread,v,VERB,通用商務動詞
spring,n,GENN,一般名詞
sprinkle,v,VERB,通用商務動詞
spy,n,GENN,一般名詞
square,n,GENN,一般名詞
stability,n,GENN,一般名詞
stable,n,GENN,一般名詞
stack,n,GENN,一般名詞
staff,n,WORK,職場／辦公室日常
stage,n,GENN,一般名詞
stake,n,GENN,一般名詞
stance,n,GENN,一般名詞
stand,v,VERB,通用商務動詞
standard,n,GENN,一般名詞
standpoint,n,GENN,一般名詞
staple,n,GENN,一般名詞
state,n,GOV,政府／公共事務
statement,n,FIN,財務／會計
station,n,GENN,一般名詞
stationary,a,GENADJ,一般形容詞
stationery,n,WORK,職場／辦公室日常
statistics,n,GENN,一般名詞
status,n,GENN,一般名詞
steadfast,a,GENADJ,一般形容詞
steady,a,GENADJ,一般形容詞
steam,n,GENN,一般名詞
stem,v,VERB,通用商務動詞
stick,n,GENN,一般名詞
stock,n,BANK|ORDER,銀行與投資、採購／訂單
storage,n,GENN,一般名詞
store,n,SHOP,購物與零售
storm,n,WEATHER,天氣與環境
stormy,a,WEATHER,天氣與環境
storyline,n,GENN,一般名詞
stout,a,GENADJ,一般形容詞
straight,a,GENADJ,一般形容詞
straightforward,a,GENADJ,一般形容詞
strategy,n,MKT,行銷與業務
stream,n,GENN,一般名詞
streamline,a,GENADJ,一般形容詞
strength,n,GENN,一般名詞
strengthen,v,VERB,通用商務動詞
stress,n,GENN,一般名詞
stretch,n,GENN,一般名詞
strike,v,VERB,通用商務動詞
strive,v,VERB,通用商務動詞
structure,n,GENN,一般名詞
study,n,EDU,教育與學術
style,n,GENN,一般名詞
subject,n,GENN,一般名詞
subjectively,ad,GENADV,一般副詞
submit,v,VERB,通用商務動詞
subordinate,a,GENADJ,一般形容詞
subscribe,v,VERB,通用商務動詞
subscription,n,GENN,一般名詞
subside,v,VERB,通用商務動詞
subsidiary,a,GENADJ,一般形容詞
subsidize,v,FIN,財務／會計
subsidy,n,FIN,財務／會計
substantial,a,GENADJ,一般形容詞
substantiate,v,VERB,通用商務動詞
substitute,n,GENN,一般名詞
subtract,v,VERB,通用商務動詞
subway,n,TRAVEL,差旅與交通
succeed,v,VERB,通用商務動詞
success,n,GENN,一般名詞
suggest,v,VERB,通用商務動詞
suggestion,n,GENN,一般名詞
suit,n,GENN,一般名詞
suitable,a,GENADJ,一般形容詞
suitcase,n,TRAVEL,差旅與交通
suite,n,HOTEL,飯店與住宿
sum,n,GENN,一般名詞
summarize,v,VERB,通用商務動詞
superb,a,GENADJ,一般形容詞
superior,a,GENADJ,一般形容詞
supervise,v,VERB,通用商務動詞
supervisor,n,TITLE,職稱與部門角色
supervisory,a,TITLE,職稱與部門角色
supplement,n,GENN,一般名詞
supplementary,a,GENADJ,一般形容詞
supplier,n,TITLE|ORDER,職稱與部門角色、採購／訂單
supply,n,MKT|LOG,行銷與業務、物流與運輸
support,v,CS,客戶服務
supportive,a,GENADJ,一般形容詞
suppose,v,VERB,通用商務動詞
surely,ad,GENADV,一般副詞
surface,n,GENN,一般名詞
surmise,v,VERB,通用商務動詞
surplus,n,FIN,財務／會計
surprise,v,VERB,通用商務動詞
survey,n,GENN,一般名詞
survive,v,VERB,通用商務動詞
susceptible,a,GENADJ,一般形容詞
suspect,v,VERB,通用商務動詞
suspend,v,VERB,通用商務動詞
sustain,v,VERB,通用商務動詞
sweater,n,GENN,一般名詞
swift,a,GENADJ,一般形容詞
switch,n,GENN,一般名詞
sympathetic,a,EMOTION,情緒與個性形容詞
sympathize,v,VERB,通用商務動詞
sympathy,n,EMOTION,情緒與個性形容詞
symposium,n,MEET,會議與簡報
synthesis,n,GENN,一般名詞
system,n,TECH,科技與電腦
systematically,ad,GENADV,一般副詞
tackle,v,VERB,通用商務動詞
tactful,a,GENADJ,一般形容詞
tactic,n,GENN,一般名詞
tag,n,GENN,一般名詞
tailor,n,GENN,一般名詞
take,v,VERB,通用商務動詞
takeout,n,GENN,一般名詞
takeover,n,GENN,一般名詞
talk,v,VERB,通用商務動詞
talkative,a,EMOTION,情緒與個性形容詞
tangible,a,GENADJ,一般形容詞
tank,n,GENN,一般名詞
tap,n,GENN,一般名詞
tape,n,GENN,一般名詞
target,n,MKT,行銷與業務
task,n,GENN,一般名詞
taste,n,FOOD,餐飲
tax,n,FIN|GOV,財務／會計、政府／公共事務
tear,v,VERB,通用商務動詞
tease,v,VERB,通用商務動詞
technicality,n,GENN,一般名詞
technician,n,TITLE,職稱與部門角色
technique,n,GENN,一般名詞
technological,a,TECH,科技與電腦
technology,n,TECH,科技與電腦
temper,n,GENN,一般名詞
temporary,a,TIME,時間／頻率／程度副詞
tenant,n,TITLE|HOME,職稱與部門角色、居家／房間／家具
tender,a,ORDER,採購／訂單
tense,a,GENADJ,一般形容詞
tension,n,GENN,一般名詞
tentative,a,GENADJ,一般形容詞
tenure,n,GENN,一般名詞
term,n,GENN,一般名詞
terminal,a,TRAVEL,差旅與交通
terminology,n,GENN,一般名詞
terrible,a,GENADJ,一般形容詞
territory,n,GENN,一般名詞
testify,v,VERB,通用商務動詞
testimonial,n,GENN,一般名詞
thorough,a,GENADJ,一般形容詞
thoroughness,n,GENN,一般名詞
though,conj,FUNC,連接詞／介系詞等功能詞
thought,n,GENN,一般名詞
thread,n,GENN,一般名詞
threat,n,GENN,一般名詞
thrive,v,VERB,通用商務動詞
throughout,prep,FUNC,連接詞／介系詞等功能詞
thus,ad,GENADV,一般副詞
ticket,n,TRAVEL,差旅與交通
tie,v,VERB,通用商務動詞
tight,a,GENADJ,一般形容詞
time,n,GENN,一般名詞
timeliness,n,GENN,一般名詞
titl,n,GENN,一般名詞
token,n,GENN,一般名詞
toll,n,GENN,一般名詞
tool,n,WORK,職場／辦公室日常
top,n,GENN,一般名詞
topic,n,GENN,一般名詞
total,a,GENADJ,一般形容詞
tour,n,ARTS,藝術娛樂／運動休閒
tow,v,VERB,通用商務動詞
town,n,GENN,一般名詞
track,n,LOG,物流與運輸
trade,n,GENN,一般名詞
tradition,n,GENN,一般名詞
traditional,a,GENADJ,一般形容詞
trail,v,VERB,通用商務動詞
transact,v,VERB,通用商務動詞
transaction,n,BANK,銀行與投資
transfer,v,BANK|TRAVEL,銀行與投資、差旅與交通
trash,n,GENN,一般名詞
travel,v,TRAVEL,差旅與交通
traveler,n,TRAVEL,差旅與交通
treasure,n,GENN,一般名詞
treat,v,HEALTH,醫療與健康
treatment,n,HEALTH,醫療與健康
treaty,n,GENN,一般名詞
tremendous,a,GENADJ,一般形容詞
trial,n,GENN,一般名詞
triangle,n,GENN,一般名詞
tribal,a,GENADJ,一般形容詞
tribe,n,GENN,一般名詞
trivial,a,GENADJ,一般形容詞
truly,ad,GENADV,一般副詞
trust,n,EMOTION,情緒與個性形容詞
trustee,n,GENN,一般名詞
turnover,n,GENN,一般名詞
twice,ad,GENADV,一般副詞
two-sided,a,GENADJ,一般形容詞
type,n,GENN,一般名詞
typical,a,GENADJ,一般形容詞
typo,n,GENN,一般名詞
ultimate,a,GENADJ,一般形容詞
ultimately,ad,GENADV,一般副詞
ultra,a,GENADJ,一般形容詞
unable,a,GENADJ,一般形容詞
unacceptable,a,GENADJ,一般形容詞
unaccountable,a,GENADJ,一般形容詞
unaccustomed,a,GENADJ,一般形容詞
unauthorized,a,GENADJ,一般形容詞
unaware,a,GENADJ,一般形容詞
unbalance,v,VERB,通用商務動詞
unbeatable,a,GENADJ,一般形容詞
unbiased,a,GENADJ,一般形容詞
uncertain,a,GENADJ,一般形容詞
uncertainty,n,GENN,一般名詞
unconventional,a,GENADJ,一般形容詞
underestimate,v,VERB,通用商務動詞
underground,a,GENADJ,一般形容詞
underline,v,VERB,通用商務動詞
understand,v,VERB,通用商務動詞
understatement,n,GENN,一般名詞
underway,a,GENADJ,一般形容詞
unfair,a,GENADJ,一般形容詞
unforeseen,ad,GENADV,一般副詞
unfortunately,ad,GENADV,一般副詞
uniform,n,WORK|SHOP,職場／辦公室日常、購物與零售
unify,v,VERB,通用商務動詞
unimaginable,a,GENADJ,一般形容詞
union,n,GENN,一般名詞
unique,a,GENADJ,一般形容詞
uniquely,ad,GENADV,一般副詞
uniqueness,n,GENN,一般名詞
unit,n,GENN,一般名詞
unite,v,VERB,通用商務動詞
university,n,EDU,教育與學術
unless,prep,FUNC,連接詞／介系詞等功能詞
unlimited,a,GENADJ,一般形容詞
unlock,v,VERB,通用商務動詞
unnecessary,a,GENADJ,一般形容詞
unsanitary,a,GENADJ,一般形容詞
unsatisfactory,a,GENADJ,一般形容詞
upcoming,a,GENADJ,一般形容詞
update,v,TECH,科技與電腦
upgrade,v,TECH,科技與電腦
upon,prep,FUNC,連接詞／介系詞等功能詞
upwards,ad,GENADV,一般副詞
urban,a,GOV,政府／公共事務
urbanize,v,VERB,通用商務動詞
urgent,a,GENADJ,一般形容詞
use,v,VERB,通用商務動詞
useful,a,GENADJ,一般形容詞
useless,a,GENADJ,一般形容詞
usual,a,GENADJ,一般形容詞
usually,ad,TIME,時間／頻率／程度副詞
utilization,n,GENN,一般名詞
utilize,v,VERB,通用商務動詞
vacancy,n,HR|HOTEL,人資／招聘、飯店與住宿
vacant,a,HR,人資／招聘
vacation,n,ARTS,藝術娛樂／運動休閒
vaccinate,v,HEALTH,醫療與健康
vaccination,n,HEALTH,醫療與健康
vain,a,EMOTION,情緒與個性形容詞
valid,a,GENADJ,一般形容詞
validat,v,VERB,通用商務動詞
valuable,a,GENADJ,一般形容詞
value,n,GENN,一般名詞
van,n,GENN,一般名詞
vandalize,v,VERB,通用商務動詞
variable,a,GENADJ,一般形容詞
variation,n,GENN,一般名詞
variety,n,GENN,一般名詞
various,a,GENADJ,一般形容詞
vary,v,VERB,通用商務動詞
vas,a,GENADJ,一般形容詞
vegetable,n,FOOD,餐飲
vegetarian,n,FOOD,餐飲
vehicle,a,TRAVEL,差旅與交通
veil,n,GENN,一般名詞
vend,v,VERB,通用商務動詞
vendor,n,TITLE|ORDER,職稱與部門角色、採購／訂單
venture,n,GENN,一般名詞
verify,v,VERB,通用商務動詞
versatile,a,GENADJ,一般形容詞
version,n,WORK|TECH,職場／辦公室日常、科技與電腦
vessel,n,GENN,一般名詞
via,prep,FUNC,連接詞／介系詞等功能詞
viable,a,GENADJ,一般形容詞
vice,v,VERB,通用商務動詞
victim,n,GENN,一般名詞
viewpoint,n,GENN,一般名詞
violation,n,LEGAL,法律與合約
virtual,a,GENADJ,一般形容詞
visibility,n,GENN,一般名詞
visible,a,GENADJ,一般形容詞
visit,v,VERB,通用商務動詞
visitor,n,GENN,一般名詞
visual,a,GENADJ,一般形容詞
vita,a,GENADJ,一般形容詞
vivid,a,GENADJ,一般形容詞
vocabulary,n,GENN,一般名詞
voice,n,GENN,一般名詞
volatile,a,GENADJ,一般形容詞
volunteer,n,GENN,一般名詞
voucher,n,MKT|SHOP,行銷與業務、購物與零售
voyage,n,TRAVEL,差旅與交通
wage,v,HR,人資／招聘
wagon,n,GENN,一般名詞
waist,n,GENN,一般名詞
wait,v,VERB,通用商務動詞
waiter,n,TITLE|FOOD,職稱與部門角色、餐飲
waitress,n,TITLE|FOOD,職稱與部門角色、餐飲
waive,v,VERB,通用商務動詞
wallet,n,GENN,一般名詞
wallpaper,n,HOME,居家／房間／家具
warehouse,n,MFG|LOG,生產與製造、物流與運輸
warm,a,GENADJ,一般形容詞
warn,v,VERB,通用商務動詞
warning,n,GENN,一般名詞
warranty,n,CS,客戶服務
waste,v,VERB,通用商務動詞
watch,n,GENN,一般名詞
wave,n,GENN,一般名詞
waver,v,VERB,通用商務動詞
weak,a,GENADJ,一般形容詞
weakness,n,GENN,一般名詞
wealth,n,GENN,一般名詞
weight,n,GENN,一般名詞
whereas,conj,FUNC,連接詞／介系詞等功能詞
whether,conj,FUNC,連接詞／介系詞等功能詞
whole,a,GENADJ,一般形容詞
widespread,a,GENADJ,一般形容詞
width,n,GENN,一般名詞
willingness,n,EMOTION,情緒與個性形容詞
wire,n,GENN,一般名詞
withdraw,v,BANK,銀行與投資
withdrawal,n,BANK,銀行與投資
within,prep,FUNC,連接詞／介系詞等功能詞
withstand,v,VERB,通用商務動詞
witness,n,GENN,一般名詞
wo,v,VERB,通用商務動詞
woeful,a,GENADJ,一般形容詞
wonder,v,VERB,通用商務動詞
work,v,VERB,通用商務動詞
workaholic,n,GENN,一般名詞
workshop,n,WORK|MEET|MFG,職場／辦公室日常、會議與簡報、生產與製造
world,n,GENN,一般名詞
worldwide,a,GENADJ,一般形容詞
worry,v,EMOTION,情緒與個性形容詞
wrist,n,GENN,一般名詞
x-ray,n,GENN,一般名詞
yacht,n,GENN,一般名詞
yard,n,HOME,居家／房間／家具
yawn,n,GENN,一般名詞
year-end,n,GENN,一般名詞
yearly,a,GENADJ,一般形容詞
yearn,v,VERB,通用商務動詞
yearningly,ad,GENADV,一般副詞
yield,v,VERB,通用商務動詞
youngster,n,GENN,一般名詞
youth,n,GENN,一般名詞
youthful,a,GENADJ,一般形容詞
zip,v,VERB,通用商務動詞
zone,n,GENN,一般名詞
zoom,v,VERB,通用商務動詞
zoom-in,v,VERB,通用商務動詞
